clientid,EventProcessedUtcTime,contouren,afwijking,voorgrond,beweging,helderheid,richting,leftoutcounter,rightoutcounter,objecten,leftcounter,rightcounter,upcounter,downcounter,undeterminedcounter
CAM??,2018-03-31T02:14:15.8544204Z,100,213,76,7,1,UNDETERMINED,0,0, 1,0,0,0,0,1
CAM??,2018-03-31T02:13:53.7272988Z,106,250,66,92,5,UNDETERMINED,0,0, 1,0,0,0,0,1
CAM??,2018-03-31T02:14:12.7450193Z,130,249,62,1,10,heading: <-,0,0, 4,1,0,0,0,3
CAM??,2018-03-31T02:14:15.7294190Z,134,249,59,4,10,UNDETERMINED,0,0, 0,0,0,0,0,0
CAM??,2018-03-31T02:14:12.8095291Z,87,197,72,4,0,UNDETERMINED,0,0, 1,0,0,0,0,1
CAM??,2018-03-31T02:14:12.8544002Z,83,200,72,22,0,UNDETERMINED,0,0, 1,0,0,0,0,1
CAM??,2018-03-31T02:14:12.9325194Z,99,215,69,92,1,UNDETERMINED,0,0, 1,0,0,0,0,1
CAM??,2018-03-31T02:13:53.6647752Z,143,239,63,48,5,UNDETERMINED,0,0, 1,0,0,0,0,1
CAM??,2018-03-31T02:14:12.9794131Z,149,255,64,42,4,UNDETERMINED,0,0, 2,0,0,0,0,2
CAM??,2018-03-31T02:14:15.8075458Z,120,230,70,14,0,heading: <-,0,0, 2,1,0,0,0,1
CAM??,2018-03-31T02:14:15.8544204Z,98,225,71,29,2,heading: v,0,0, 2,0,0,0,1,1
CAM??,2018-03-31T02:13:53.7272988Z,137,292,60,7,13,heading: v,0,0, 2,0,0,0,1,1
CAM??,2018-03-31T02:14:12.7450193Z,102,241,68,19,4,heading: v,0,0, 2,0,0,0,1,1
CAM??,2018-03-31T02:14:15.7294190Z,62,192,78,18,0,UNDETERMINED,0,0, 0,0,0,0,0,0
CAM??,2018-03-31T02:14:12.8095291Z,77,180,77,18,0,UNDETERMINED,0,0, 1,0,0,0,0,1
CAM??,2018-03-31T02:14:12.8544002Z,106,209,69,46,3,UNDETERMINED,0,0, 3,0,0,0,0,3
CAM??,2018-03-31T02:14:12.9325194Z,175,283,60,51,10,UNDETERMINED,0,0, 4,0,0,0,0,4
CAM??,2018-03-31T02:13:53.6647752Z,169,280,61,33,6,UNDETERMINED,0,0, 3,0,0,0,0,3
CAM??,2018-03-31T02:14:12.9794131Z,115,245,74,40,1,heading: v,0,0, 2,0,0,0,1,1
CAM??,2018-03-31T02:14:15.8075458Z,108,217,78,42,0,heading: v,0,0, 2,0,0,0,1,1
CAM??,2018-03-31T02:14:15.8544204Z,122,235,72,43,1,heading: v,0,0, 2,0,0,0,1,1
CAM??,2018-03-31T02:13:53.7272988Z,158,252,59,27,5,UNDETERMINED,0,0, 2,0,0,0,0,2
CAM??,2018-03-31T02:14:12.7450193Z,159,263,61,56,7,UNDETERMINED,0,0, 3,0,0,0,0,3
CAM??,2018-03-31T02:14:15.7294190Z,115,245,70,15,2,heading: v,0,0, 4,0,0,0,1,3
CAM??,2018-03-31T02:14:12.8095291Z,111,234,72,12,1,heading: v,0,0, 2,0,0,0,1,1
CAM??,2018-03-31T02:14:12.8544002Z,145,258,58,0,10,UNDETERMINED,0,0, 1,0,0,0,0,1
CAM??,2018-03-31T02:14:12.9325194Z,109,236,66,25,4,UNDETERMINED,0,0, 0,0,0,0,0,0
CAM??,2018-03-31T02:14:15.8075458Z,73,194,79,16,0,UNDETERMINED,0,0, 1,0,0,0,0,1
CAM??,2018-03-31T02:14:15.8544204Z,62,186,80,31,0,UNDETERMINED,0,0, 1,0,0,0,0,1
CAM02,2018-03-31T02:13:53.7272988Z,14,177,99,0,0,UNDETERMINED,0,0, 0,0,0,0,0,0
CAM??,2018-03-31T02:14:12.7450193Z,112,240,65,37,7,UNDETERMINED,0,0, 2,0,0,0,0,2
CAM02,2018-03-31T02:14:15.7294190Z,7,167,99,0,0,UNDETERMINED,0,0, 0,0,0,0,0,0
CAM??,2018-03-31T02:14:12.8095291Z,153,272,57,36,13,UNDETERMINED,0,0, 2,0,0,0,0,2
CAM02,2018-03-31T02:14:12.8544002Z,7,185,97,0,1,UNDETERMINED,0,0, 0,0,0,0,0,0
CAM02,2018-03-31T02:14:12.9325194Z,11,174,100,0,1,UNDETERMINED,0,0, 0,0,0,0,0,0
CAM??,2018-03-31T02:13:53.6803987Z,158,281,57,46,34,UNDETERMINED,0,0, 3,0,0,0,0,3
CAM??,2018-03-31T02:14:12.9794131Z,80,193,78,67,0,UNDETERMINED,0,0, 3,0,0,0,0,3
CAM02,2018-03-31T02:14:15.8075458Z,6,173,100,0,1,UNDETERMINED,0,0, 0,0,0,0,0,0
CAM02,2018-03-31T02:14:15.8544204Z,7,174,99,0,1,UNDETERMINED,0,0, 0,0,0,0,0,0
CAM??,2018-03-31T02:13:53.7272988Z,85,202,77,64,0,UNDETERMINED,0,0, 1,0,0,0,0,1
CAM02,2018-03-31T02:14:12.7450193Z,7,176,100,0,0,UNDETERMINED,0,0, 0,0,0,0,0,0
CAM??,2018-03-31T02:14:15.7294190Z,113,242,68,97,9,UNDETERMINED,0,0, 0,0,0,0,0,0
CAM02,2018-03-31T02:14:12.8095291Z,12,173,99,0,1,UNDETERMINED,0,0, 0,0,0,0,0,0
CAM??,2018-03-31T02:14:12.8544002Z,121,264,64,46,12,UNDETERMINED,0,0, 4,0,0,0,0,4
CAM??,2018-03-31T02:14:12.9325194Z,152,285,56,68,36,UNDETERMINED,0,0, 4,0,0,0,0,4
CAM02,2018-03-31T02:13:53.6803987Z,6,177,100,0,1,UNDETERMINED,0,0, 0,0,0,0,0,0
CAM02,2018-03-31T02:14:12.9794131Z,7,170,99,0,1,UNDETERMINED,0,0, 0,0,0,0,0,0
CAM??,2018-03-31T02:14:15.8075458Z,103,242,67,7,7,UNDETERMINED,0,0, 2,0,0,0,0,2
CAM02,2018-03-31T02:14:15.8544204Z,12,184,99,0,1,UNDETERMINED,0,0, 0,0,0,0,0,0
CAM??,2018-03-31T02:13:53.7272988Z,100,242,64,51,4,UNDETERMINED,0,0, 2,0,0,0,0,2
CAM02,2018-03-31T02:14:12.7450193Z,7,180,100,0,1,UNDETERMINED,0,0, 0,0,0,0,0,0
CAM??,2018-03-31T02:14:15.7294190Z,137,245,63,89,6,UNDETERMINED,0,0, 1,0,0,0,0,1
CAM02,2018-03-31T02:14:12.8095291Z,8,173,100,0,1,UNDETERMINED,0,0, 0,0,0,0,0,0
CAM??,2018-03-31T02:14:12.8544002Z,130,242,63,19,5,UNDETERMINED,0,0, 2,0,0,0,0,2
CAM02,2018-03-31T02:14:13.5443126Z,10,181,100,0,1,UNDETERMINED,0,0, 0,0,0,0,0,0
CAM??,2018-03-31T02:13:53.6803987Z,132,268,66,93,7,heading: v,0,0, 3,0,0,0,1,2
CAM??,2018-03-31T02:14:13.5443126Z,121,250,71,90,3,UNDETERMINED,0,0, 3,0,0,0,0,3
CAM02,2018-03-31T02:14:16.4013023Z,12,178,99,0,1,UNDETERMINED,0,0, 0,0,0,0,0,0
CAM02,2018-03-31T02:14:16.4169202Z,12,176,99,0,0,UNDETERMINED,0,0, 0,0,0,0,0,0
CAM??,2018-03-31T02:13:53.7272988Z,99,244,69,46,4,UNDETERMINED,0,0, 0,0,0,0,0,0
CAM02,2018-03-31T02:14:13.5106661Z,10,170,99,0,1,UNDETERMINED,0,0, 0,0,0,0,0,0
CAM??,2018-03-31T02:14:16.3856708Z,162,271,56,77,29,UNDETERMINED,0,0, 0,0,0,0,0,0
CAM02,2018-03-31T02:14:13.5106661Z,9,171,100,0,1,UNDETERMINED,0,0, 0,0,0,0,0,0
CAM??,2018-03-31T02:14:13.5106661Z,184,293,54,94,35,UNDETERMINED,0,0, 1,0,0,0,0,1
CAM02,2018-03-31T02:14:13.5443126Z,7,176,100,0,1,UNDETERMINED,0,0, 0,0,0,0,0,0
CAM??,2018-03-31T02:13:53.6803987Z,185,321,59,24,14,UNDETERMINED,0,0, 3,0,0,0,0,3
CAM??,2018-03-31T02:14:13.5443126Z,96,211,72,70,1,UNDETERMINED,0,0, 3,0,0,0,0,3
CAM02,2018-03-31T02:14:16.4169202Z,11,183,99,0,1,UNDETERMINED,0,0, 0,0,0,0,0,0
CAM02,2018-03-31T02:14:16.4169202Z,10,182,100,0,1,UNDETERMINED,0,0, 0,0,0,0,0,0
CAM??,2018-03-31T02:13:53.7272988Z,115,253,66,36,7,UNDETERMINED,0,0, 0,0,0,0,0,0
CAM??,2018-03-31T02:14:13.5106661Z,145,261,59,41,18,UNDETERMINED,0,0, 1,0,0,0,0,1
CAM02,2018-03-31T02:14:16.3856708Z,7,172,100,0,1,UNDETERMINED,0,0, 0,0,0,0,0,0
CAM02,2018-03-31T02:14:13.5106661Z,12,190,99,0,1,UNDETERMINED,0,0, 0,0,0,0,0,0
CAM??,2018-03-31T02:14:13.5106661Z,115,238,66,61,6,UNDETERMINED,0,0, 2,0,0,0,0,2
CAM02,2018-03-31T02:14:13.5443126Z,13,178,100,0,0,UNDETERMINED,0,0, 0,0,0,0,0,0
CAM??,2018-03-31T02:13:53.6803987Z,65,171,81,87,0,UNDETERMINED,0,0, 1,0,0,0,0,1
CAM??,2018-03-31T02:14:13.5443126Z,114,235,69,68,2,UNDETERMINED,0,0, 2,0,0,0,0,2
CAM02,2018-03-31T02:14:16.4169202Z,14,177,100,0,1,UNDETERMINED,0,0, 0,0,0,0,0,0
CAM02,2018-03-31T02:14:16.4169202Z,11,187,100,0,1,UNDETERMINED,0,0, 0,0,0,0,0,0
CAM??,2018-03-31T02:13:53.7272988Z,155,257,61,58,5,UNDETERMINED,0,0, 2,0,0,0,0,2
CAM??,2018-03-31T02:14:13.5106661Z,157,278,58,19,14,heading: v,0,0, 2,0,0,0,1,1
CAM02,2018-03-31T02:14:16.3856708Z,13,180,99,0,1,UNDETERMINED,0,0, 0,0,0,0,0,0
CAM02,2018-03-31T02:14:13.5106661Z,13,202,98,0,1,UNDETERMINED,0,0, 1,0,0,0,0,1
CAM??,2018-03-31T02:14:13.5106661Z,103,232,67,95,3,heading: v,0,0, 3,0,0,0,1,2
CAM02,2018-03-31T02:13:53.6803987Z,7,177,100,0,1,UNDETERMINED,0,0, 0,0,0,0,0,0
CAM??,2018-03-31T02:14:13.5443126Z,65,174,76,72,1,heading: v,0,0, 4,0,0,0,1,3
CAM??,2018-03-31T02:14:13.5106661Z,136,252,57,8,20,UNDETERMINED,0,0, 1,0,0,0,0,1
CAM02,2018-03-31T02:14:13.5443126Z,16,202,99,0,1,UNDETERMINED,0,0, 0,0,0,0,0,0
CAM??,2018-03-31T02:13:53.6803987Z,132,250,58,1,12,UNDETERMINED,0,0, 2,0,0,0,0,2
CAM02,2018-03-31T02:14:13.5443126Z,20,220,99,1,1,UNDETERMINED,0,0, 1,0,0,0,0,1
CAM02,2018-03-31T02:14:16.4169202Z,8,183,100,0,1,UNDETERMINED,0,0, 0,0,0,0,0,0
CAM??,2018-03-31T02:14:16.4325484Z,121,237,64,9,4,heading: ^,0,0, 2,0,0,1,0,1
CAM??,2018-03-31T02:13:54.2429126Z,122,237,65,57,0,heading: ^,0,0, 1,0,0,1,0,0
CAM02,2018-03-31T02:14:13.5106661Z,14,211,99,1,1,UNDETERMINED,0,0, 1,0,0,0,0,1
CAM02,2018-03-31T02:14:16.3856708Z,8,176,99,0,1,UNDETERMINED,0,0, 1,0,0,0,0,1
CAM??,2018-03-31T02:14:13.5106661Z,129,246,64,54,2,UNDETERMINED,0,0, 0,0,0,0,0,0
CAM??,2018-03-31T02:14:13.5262734Z,189,306,52,52,26,UNDETERMINED,0,0, 4,0,0,0,0,4
CAM02,2018-03-31T02:14:13.5443126Z,19,192,100,0,1,UNDETERMINED,0,0, 0,0,0,0,0,0
CAM02,2018-03-31T02:13:53.6803987Z,13,178,100,0,1,UNDETERMINED,0,0, 0,0,0,0,0,0
CAM??,2018-03-31T02:14:13.5575248Z,208,311,59,50,12,UNDETERMINED,0,0, 3,0,0,0,0,3
CAM02,2018-03-31T02:14:16.4169202Z,10,183,100,0,1,UNDETERMINED,0,0, 0,0,0,0,0,0
CAM??,2018-03-31T02:14:16.4325484Z,179,296,63,28,4,UNDETERMINED,0,0, 5,0,0,0,0,5
CAM02,2018-03-31T02:13:54.2429126Z,10,181,100,0,1,UNDETERMINED,0,0, 0,0,0,0,0,0
CAM??,2018-03-31T02:14:13.5106661Z,97,225,77,87,0,UNDETERMINED,0,0, 4,0,0,0,0,4
CAM02,2018-03-31T02:14:16.3856708Z,9,192,99,0,0,UNDETERMINED,0,0, 0,0,0,0,0,0
CAM??,2018-03-31T02:14:13.5106661Z,72,202,78,87,0,UNDETERMINED,0,0, 3,0,0,0,0,3
CAM02,2018-03-31T02:14:13.5262734Z,9,173,99,0,0,UNDETERMINED,0,0, 0,0,0,0,0,0
CAM??,2018-03-31T02:14:13.5443126Z,158,268,60,13,11,heading: ->,1,0, 4,0,1,0,0,3
CAM??,2018-03-31T02:13:54.2429126Z,161,275,56,23,21,UNDETERMINED,1,0, 3,0,0,0,0,3
CAM02,2018-03-31T02:14:14.1044308Z,17,226,98,2,1,UNDETERMINED,0,0, 1,0,0,0,0,1
CAM02,2018-03-31T02:14:16.4169202Z,11,204,100,1,1,heading: ->,0,0, 1,0,1,0,0,0
CAM??,2018-03-31T02:14:16.4325484Z,82,217,71,17,1,UNDETERMINED,1,0, 3,1,1,0,0,1
CAM02,2018-03-31T02:13:54.2429126Z,16,211,99,0,1,UNDETERMINED,0,0, 1,0,0,0,0,1
CAM??,2018-03-31T02:14:13.5106661Z,112,235,67,5,6,heading: <-,1,0, 4,1,0,0,0,3
CAM02,2018-03-31T02:14:16.3856708Z,17,192,98,0,1,UNDETERMINED,0,0, 0,0,0,0,0,0
CAM??,2018-03-31T02:14:14.0887889Z,134,246,61,76,6,UNDETERMINED,1,0, 1,0,0,0,0,1
CAM??,2018-03-31T02:14:13.5443126Z,153,253,54,10,16,UNDETERMINED,1,0, 2,0,0,0,0,2
CAM02,2018-03-31T02:14:13.5443126Z,8,188,100,0,1,UNDETERMINED,0,0, 0,0,0,0,0,0
CAM02,2018-03-31T02:13:54.2429126Z,9,185,100,0,1,UNDETERMINED,0,0, 0,0,0,0,0,0
CAM??,2018-03-31T02:14:14.1044308Z,140,269,61,38,18,UNDETERMINED,1,0, 2,0,0,0,0,2
CAM02,2018-03-31T02:14:16.4169202Z,7,184,100,0,1,UNDETERMINED,0,0, 0,0,0,0,0,0
CAM??,2018-03-31T02:14:16.4325484Z,106,258,70,6,7,heading: v,1,0, 2,0,0,0,1,1
CAM??,2018-03-31T02:14:16.3856708Z,77,197,75,11,3,heading: v,1,0, 1,0,0,0,1,0
CAM02,2018-03-31T02:14:14.0887889Z,10,176,100,0,1,UNDETERMINED,0,0, 0,0,0,0,0,0
CAM10,2018-03-31T02:14:13.5443126Z,81,53,9,0,0,UNDETERMINED,0,0, 0,0,0,0,0,0
CAM10,2018-03-31T02:14:13.5443126Z,99,63,9,0,0,UNDETERMINED,0,0, 0,0,0,0,0,0
CAM02,2018-03-31T02:13:54.2429126Z,8,178,99,0,0,UNDETERMINED,0,0, 0,0,0,0,0,0
CAM??,2018-03-31T02:14:14.1044308Z,130,250,59,47,29,UNDETERMINED,1,0, 0,0,0,0,0,0
CAM??,2018-03-31T02:14:16.4169202Z,114,239,63,76,16,UNDETERMINED,1,0, 0,0,0,0,0,0
CAM10,2018-03-31T02:14:16.4325484Z,113,74,8,2,0,UNDETERMINED,0,0, 1,0,0,0,0,1
CAM02,2018-03-31T02:13:54.2429126Z,9,173,99,0,0,UNDETERMINED,0,0, 0,0,0,0,0,0
CAM??,2018-03-31T02:14:13.5106661Z,103,227,68,56,9,UNDETERMINED,1,0, 2,0,0,0,0,2
CAM02,2018-03-31T02:14:16.3856708Z,9,176,99,0,0,UNDETERMINED,0,0, 0,0,0,0,0,0
CAM10,2018-03-31T02:14:14.0887889Z,85,65,8,0,0,UNDETERMINED,0,0, 1,0,0,0,0,1
CAM02,2018-03-31T02:14:13.5443126Z,11,200,97,0,1,UNDETERMINED,0,0, 0,0,0,0,0,0
CAM10,2018-03-31T02:14:13.5443126Z,128,86,8,0,0,UNDETERMINED,0,0, 0,0,0,0,0,0
CAM??,2018-03-31T02:13:54.2429126Z,95,229,68,2,7,UNDETERMINED,1,0, 2,0,0,0,0,2
CAM10,2018-03-31T02:14:14.1044308Z,111,76,8,0,0,UNDETERMINED,0,0, 0,0,0,0,0,0
CAM??,2018-03-31T02:14:16.4169202Z,78,171,76,2,1,UNDETERMINED,1,0, 0,0,0,0,0,0
CAM02,2018-03-31T02:14:16.4325484Z,7,165,100,0,0,UNDETERMINED,0,0, 0,0,0,0,0,0
CAM02,2018-03-31T02:13:54.2429126Z,9,165,100,0,0,UNDETERMINED,0,0, 0,0,0,0,0,0
CAM10,2018-03-31T02:14:13.5106661Z,133,85,8,0,0,UNDETERMINED,0,0, 0,0,0,0,0,0
CAM??,2018-03-31T02:14:16.3856708Z,131,249,57,10,23,UNDETERMINED,1,0, 2,0,0,0,0,2
CAM02,2018-03-31T02:14:14.0887889Z,9,167,99,0,0,UNDETERMINED,0,0, 0,0,0,0,0,0
CAM10,2018-03-31T02:14:13.5443126Z,101,69,8,0,0,UNDETERMINED,0,0, 0,0,0,0,0,0
CAM??,2018-03-31T02:14:13.5443126Z,160,265,55,22,23,UNDETERMINED,1,0, 3,0,0,0,0,3
CAM02,2018-03-31T02:13:54.2429126Z,6,157,100,0,0,UNDETERMINED,0,0, 0,0,0,0,0,0
CAM??,2018-03-31T02:14:14.1044308Z,104,244,67,71,7,UNDETERMINED,1,0, 2,0,0,0,0,2
CAM10,2018-03-31T02:14:16.4169202Z,109,71,8,0,0,UNDETERMINED,0,0, 0,0,0,0,0,0
CAM02,2018-03-31T02:14:16.4325484Z,7,168,100,0,0,UNDETERMINED,0,0, 0,0,0,0,0,0
CAM10,2018-03-31T02:13:54.2429126Z,92,65,9,0,0,UNDETERMINED,0,0, 0,0,0,0,0,0
CAM??,2018-03-31T02:14:13.5106661Z,116,252,68,18,7,UNDETERMINED,1,0, 2,0,0,0,0,2
CAM10,2018-03-31T02:14:16.3856708Z,117,81,8,0,0,UNDETERMINED,0,0, 0,0,0,0,0,0
CAM??,2018-03-31T02:14:14.0887889Z,107,197,76,97,3,heading: v,1,0, 2,0,0,0,1,1
CAM02,2018-03-31T02:14:13.5443126Z,6,163,100,0,0,UNDETERMINED,0,0, 0,0,0,0,0,0
CAM02,2018-03-31T02:14:13.5443126Z,9,172,99,0,0,UNDETERMINED,0,0, 0,0,0,0,0,0
CAM??,2018-03-31T02:13:54.2429126Z,207,292,55,21,29,UNDETERMINED,1,0, 3,0,0,0,0,3
CAM10,2018-03-31T02:14:14.1044308Z,117,73,8,0,0,UNDETERMINED,0,0, 0,0,0,0,0,0
CAM10,2018-03-31T02:14:16.4169202Z,105,85,8,0,0,UNDETERMINED,0,0, 0,0,0,0,0,0
CAM02,2018-03-31T02:14:16.4325484Z,10,170,100,0,0,UNDETERMINED,0,0, 0,0,0,0,0,0
CAM??,2018-03-31T02:13:54.2429126Z,183,299,60,24,11,heading: v,1,0, 4,0,0,0,1,3
CAM10,2018-03-31T02:14:16.3856708Z,122,78,8,0,0,UNDETERMINED,0,0, 0,0,0,0,0,0
CAM??,2018-03-31T02:14:14.0887889Z,121,240,68,18,4,heading: v,1,0, 4,0,0,0,2,2
CAM02,2018-03-31T02:14:13.5443126Z,11,175,99,0,0,UNDETERMINED,0,0, 0,0,0,0,0,0
CAM02,2018-03-31T02:13:54.7585403Z,11,171,100,0,0,UNDETERMINED,0,0, 0,0,0,0,0,0
CAM10,2018-03-31T02:14:14.6825377Z,109,77,8,0,0,UNDETERMINED,0,0, 0,0,0,0,0,0
CAM10,2018-03-31T02:13:54.7585403Z,102,65,9,0,0,UNDETERMINED,0,0, 0,0,0,0,0,0
CAM02,2018-03-31T02:14:14.0887889Z,10,167,100,0,0,UNDETERMINED,0,0, 0,0,0,0,0,0
CAM??,2018-03-31T02:14:16.9481772Z,188,291,56,21,21,UNDETERMINED,1,0, 2,0,0,0,0,2
CAM07,2018-03-31T02:14:14.6669250Z,32,115,14,0,0,UNDETERMINED,0,0, 0,0,0,0,0,0
CAM??,2018-03-31T02:14:14.0887889Z,141,272,60,7,17,UNDETERMINED,1,0, 2,0,0,0,0,2
CAM02,2018-03-31T02:14:14.0887889Z,8,175,100,0,0,UNDETERMINED,0,0, 0,0,0,0,0,0
CAM07,2018-03-31T02:13:54.7585403Z,36,129,17,4,2,UNDETERMINED,0,0, 1,0,0,0,0,1
CAM10,2018-03-31T02:14:14.6825377Z,136,97,8,0,0,UNDETERMINED,0,0, 0,0,0,0,0,0
CAM??,2018-03-31T02:13:54.7585403Z,132,267,65,66,2,UNDETERMINED,1,0, 1,0,0,0,0,1
CAM07,2018-03-31T02:14:14.0887889Z,46,250,15,0,3,UNDETERMINED,0,0, 0,0,0,0,0,0
CAM02,2018-03-31T02:14:16.9481772Z,13,165,100,0,0,UNDETERMINED,0,0, 0,0,0,0,0,0
CAM07,2018-03-31T02:14:14.6669250Z,55,269,15,0,3,UNDETERMINED,0,0, 0,0,0,0,0,0
CAM10,2018-03-31T02:14:14.0887889Z,132,85,8,0,0,UNDETERMINED,0,0, 0,0,0,0,0,0
CAM??,2018-03-31T02:14:14.0887889Z,145,238,65,70,2,heading: v,1,0, 2,0,0,0,1,1
CAM02,2018-03-31T02:13:54.7585403Z,7,168,100,0,0,UNDETERMINED,0,0, 0,0,0,0,0,0
CAM??,2018-03-31T02:14:14.6825377Z,138,269,63,89,1,heading: v,1,0, 2,0,0,0,1,1
CAM10,2018-03-31T02:13:54.7585403Z,135,98,8,0,0,UNDETERMINED,0,0, 0,0,0,0,0,0
CAM02,2018-03-31T02:14:14.0887889Z,13,178,100,0,0,UNDETERMINED,0,0, 0,0,0,0,0,0
CAM07,2018-03-31T02:14:16.9481772Z,50,237,15,0,3,UNDETERMINED,0,0, 0,0,0,0,0,0
CAM??,2018-03-31T02:14:14.6669250Z,146,293,63,10,8,UNDETERMINED,1,0, 1,0,0,0,0,1
CAM02,2018-03-31T02:14:14.0887889Z,9,171,100,0,0,UNDETERMINED,0,0, 0,0,0,0,0,0
CAM10,2018-03-31T02:14:14.0887889Z,129,91,8,0,0,UNDETERMINED,0,0, 0,0,0,0,0,0
CAM07,2018-03-31T02:13:54.7585403Z,47,267,15,0,3,UNDETERMINED,0,0, 0,0,0,0,0,0
CAM??,2018-03-31T02:14:14.6825377Z,132,271,59,25,10,UNDETERMINED,1,0, 2,0,0,0,0,2
CAM??,2018-03-31T02:13:54.7585403Z,88,193,76,36,2,UNDETERMINED,1,0, 2,0,0,0,0,2
CAM07,2018-03-31T02:14:14.0887889Z,55,291,15,0,3,UNDETERMINED,0,0, 0,0,0,0,0,0
CAM02,2018-03-31T02:14:16.9481772Z,9,173,100,0,0,UNDETERMINED,0,0, 0,0,0,0,0,0
CAM10,2018-03-31T02:14:14.6669250Z,134,94,8,0,0,UNDETERMINED,0,0, 0,0,0,0,0,0
CAM??,2018-03-31T02:14:14.0887889Z,76,184,80,95,0,UNDETERMINED,1,0, 4,0,0,0,0,4
CAM07,2018-03-31T02:14:14.0887889Z,59,304,14,0,3,UNDETERMINED,0,0, 0,0,0,0,0,0
CAM02,2018-03-31T02:13:54.7585403Z,8,172,100,0,0,UNDETERMINED,0,0, 0,0,0,0,0,0
CAM10,2018-03-31T02:14:14.6825377Z,127,88,8,0,0,UNDETERMINED,0,0, 0,0,0,0,0,0
CAM07,2018-03-31T02:13:54.7585403Z,54,309,15,0,3,UNDETERMINED,0,0, 0,0,0,0,0,0
CAM02,2018-03-31T02:14:14.0887889Z,13,177,100,0,0,UNDETERMINED,0,0, 0,0,0,0,0,0
CAM??,2018-03-31T02:14:16.9481772Z,125,256,64,10,7,heading: <-,1,0, 3,1,0,0,0,2
CAM10,2018-03-31T02:14:14.6669250Z,129,88,8,0,0,UNDETERMINED,0,0, 0,0,0,0,0,0
CAM02,2018-03-31T02:14:14.0887889Z,7,164,100,0,0,UNDETERMINED,0,0, 0,0,0,0,0,0
CAM10,2018-03-31T02:14:14.0887889Z,134,87,8,0,0,UNDETERMINED,0,0, 0,0,0,0,0,0
CAM07,2018-03-31T02:13:54.7585403Z,64,309,15,0,3,UNDETERMINED,0,0, 0,0,0,0,0,0
CAM??,2018-03-31T02:14:14.6825377Z,162,270,59,94,22,UNDETERMINED,1,0, 1,0,0,0,0,1
CAM02,2018-03-31T02:13:54.7585403Z,9,169,100,0,0,UNDETERMINED,0,0, 0,0,0,0,0,0
CAM??,2018-03-31T02:14:14.0887889Z,92,212,71,4,1,UNDETERMINED,1,0, 0,0,0,0,0,0
CAM07,2018-03-31T02:14:16.9481772Z,66,288,15,0,3,UNDETERMINED,0,0, 0,0,0,0,0,0
CAM02,2018-03-31T02:14:14.6669250Z,9,165,100,0,0,UNDETERMINED,0,0, 0,0,0,0,0,0
CAM??,2018-03-31T02:14:14.0887889Z,95,201,72,20,3,UNDETERMINED,1,0, 0,0,0,0,0,0
CAM10,2018-03-31T02:14:14.6825377Z,136,94,8,0,0,UNDETERMINED,0,0, 0,0,0,0,0,0
CAM??,2018-03-31T02:13:55.2741707Z,145,250,58,0,18,UNDETERMINED,1,0, 0,0,0,0,0,0
CAM10,2018-03-31T02:14:14.6825377Z,125,91,8,0,0,UNDETERMINED,0,0, 0,0,0,0,0,0
CAM07,2018-03-31T02:13:55.2741707Z,64,281,15,0,3,UNDETERMINED,0,0, 0,0,0,0,0,0
CAM02,2018-03-31T02:14:14.6669250Z,14,177,99,0,0,UNDETERMINED,0,0, 0,0,0,0,0,0
CAM10,2018-03-31T02:14:15.1825492Z,141,99,7,0,0,UNDETERMINED,0,0, 0,0,0,0,0,0
CAM10,2018-03-31T02:14:14.6669250Z,138,97,7,0,0,UNDETERMINED,0,0, 0,0,0,0,0,0
CAM02,2018-03-31T02:14:14.6825377Z,12,168,99,0,0,UNDETERMINED,0,0, 0,0,0,0,0,0
CAM07,2018-03-31T02:13:55.2741707Z,53,277,15,0,3,UNDETERMINED,0,0, 0,0,0,0,0,0
CAM??,2018-03-31T02:14:14.6825377Z,81,197,75,86,0,UNDETERMINED,1,0, 1,0,0,0,0,1
CAM02,2018-03-31T02:14:14.6669250Z,13,181,100,0,0,UNDETERMINED,0,0, 0,0,0,0,0,0
CAM10,2018-03-31T02:13:55.2741707Z,126,85,8,0,0,UNDETERMINED,0,0, 0,0,0,0,0,0
CAM??,2018-03-31T02:14:15.1825492Z,138,262,58,3,23,UNDETERMINED,1,0, 1,0,0,0,0,1
CAM10,2018-03-31T02:14:14.6669250Z,126,89,8,0,0,UNDETERMINED,0,0, 0,0,0,0,0,0
CAM07,2018-03-31T02:14:14.6825377Z,59,279,15,0,3,UNDETERMINED,0,0, 0,0,0,0,0,0
CAM02,2018-03-31T02:13:55.2741707Z,8,169,100,0,0,UNDETERMINED,0,0, 0,0,0,0,0,0
CAM07,2018-03-31T02:14:14.6825377Z,61,305,15,0,3,UNDETERMINED,0,0, 0,0,0,0,0,0
CAM07,2018-03-31T02:13:55.2741707Z,69,308,15,0,3,UNDETERMINED,0,0, 0,0,0,0,0,0
CAM10,2018-03-31T02:14:14.6669250Z,149,103,8,0,0,UNDETERMINED,0,0, 0,0,0,0,0,0
CAM02,2018-03-31T02:14:15.1825492Z,13,166,100,0,0,UNDETERMINED,0,0, 0,0,0,0,0,0
CAM02,2018-03-31T02:14:14.6669250Z,9,164,100,0,0,UNDETERMINED,0,0, 0,0,0,0,0,0
CAM07,2018-03-31T02:14:14.6825377Z,66,310,15,0,3,UNDETERMINED,0,0, 0,0,0,0,0,0
CAM10,2018-03-31T02:13:55.2741707Z,140,96,8,0,0,UNDETERMINED,0,0, 0,0,0,0,0,0
CAM??,2018-03-31T02:14:14.6825377Z,96,212,73,28,0,UNDETERMINED,1,0, 1,0,0,0,0,1
CAM10,2018-03-31T02:13:55.2741707Z,131,92,8,0,0,UNDETERMINED,0,0, 0,0,0,0,0,0
CAM??,2018-03-31T02:14:14.6669250Z,95,220,76,35,0,UNDETERMINED,1,0, 3,0,0,0,0,3
CAM02,2018-03-31T02:14:15.1825492Z,11,158,100,0,0,UNDETERMINED,0,0, 0,0,0,0,0,0
CAM07,2018-03-31T02:14:14.6669250Z,57,288,15,0,3,UNDETERMINED,0,0, 0,0,0,0,0,0
CAM??,2018-03-31T02:14:14.6825377Z,147,259,61,18,10,heading: <-,1,0, 2,1,0,0,0,1
CAM02,2018-03-31T02:13:55.2741707Z,9,158,99,0,0,UNDETERMINED,0,0, 0,0,0,0,0,0
CAM??,2018-03-31T02:14:14.6825377Z,166,267,53,37,23,heading: v,1,0, 2,0,0,0,1,1
CAM07,2018-03-31T02:13:55.2741707Z,59,338,15,0,3,UNDETERMINED,0,0, 0,0,0,0,0,0
CAM10,2018-03-31T02:14:14.6669250Z,128,87,8,0,0,UNDETERMINED,0,0, 0,0,0,0,0,0
CAM??,2018-03-31T02:14:15.1825492Z,84,209,76,14,0,UNDETERMINED,1,0, 2,0,0,0,0,2
CAM02,2018-03-31T02:14:14.6825377Z,14,166,100,0,0,UNDETERMINED,0,0, 0,0,0,0,0,0
CAM07,2018-03-31T02:13:55.2741707Z,59,310,15,0,3,UNDETERMINED,0,0, 0,0,0,0,0,0
CAM10,2018-03-31T02:14:14.6825377Z,133,88,8,0,0,UNDETERMINED,0,0, 0,0,0,0,0,0
CAM5,2018-03-31T02:14:15.1825492Z,22,1859,13,0,0,UNDETERMINED,0,4, 0,0,0,0,0,0
CAM11,2018-03-31T02:14:15.1825492Z,5,28,8,0,0,UNDETERMINED,0,0, 0,0,0,0,0,0
CAM15,2018-03-31T02:13:55.2741707Z,5,236,100,0,0,UNDETERMINED,0,0, 0,0,0,0,0,0
CAM13,2018-03-31T02:14:14.6669250Z,267,116,25,24,14,UNDETERMINED,175,220, 15,3,1,3,0,8
CAM5,2018-03-31T02:14:15.1825492Z,8,299,70,0,0,UNDETERMINED,0,4, 0,0,0,0,0,0
CAM07,2018-03-31T02:14:14.6669250Z,56,252,15,0,3,UNDETERMINED,0,0, 0,0,0,0,0,0
CAM07,2018-03-31T02:13:55.2741707Z,52,267,16,0,3,UNDETERMINED,0,0, 0,0,0,0,0,0
CAM14,2018-03-31T02:14:15.7294190Z,109,920,64,4,7,UNDETERMINED,0,0, 1,0,0,0,0,1
CAM15,2018-03-31T02:14:15.1825492Z,4,246,100,0,0,UNDETERMINED,0,0, 0,0,0,0,0,0
CAM03,2018-03-31T02:13:55.7897879Z,3,3420,100,0,18,UNDETERMINED,0,0, 0,0,0,0,0,0
CAM13,2018-03-31T02:14:15.1825492Z,320,138,24,4,15,UNDETERMINED,176,223, 12,2,2,2,0,6
CAM06,2018-03-31T02:14:15.7294190Z,217,77,57,18,29,heading: v,170,128, 6,1,0,0,2,3
CAM15,2018-03-31T02:14:14.6825377Z,3,246,100,0,0,UNDETERMINED,0,0, 0,0,0,0,0,0
CAM03,2018-03-31T02:14:15.1825492Z,4,4034,100,0,18,UNDETERMINED,0,0, 0,0,0,0,0,0
CAM02,2018-03-31T02:13:55.2741707Z,10,178,100,0,1,UNDETERMINED,0,0, 0,0,0,0,0,0
CAM11,2018-03-31T02:14:15.1825492Z,5,37,8,0,0,UNDETERMINED,0,0, 0,0,0,0,0,0
CAM10,2018-03-31T02:13:55.7897879Z,128,96,8,0,0,UNDETERMINED,2,0, 0,0,0,0,0,0
CAM5,2018-03-31T02:14:15.1825492Z,30,1721,14,0,0,UNDETERMINED,0,4, 0,0,0,0,0,0
CAM07,2018-03-31T02:14:15.7294190Z,50,305,15,0,3,UNDETERMINED,0,0, 0,0,0,0,0,0
CAM11,2018-03-31T02:14:14.6825377Z,6,34,7,0,0,UNDETERMINED,0,0, 0,0,0,0,0,0
CAM14,2018-03-31T02:14:15.1825492Z,137,1193,46,10,26,UNDETERMINED,0,0, 3,0,0,0,0,3
CAM13,2018-03-31T02:14:15.1825492Z,297,128,26,32,15,heading: <-,175,221, 12,3,1,2,0,6
CAM10,2018-03-31T02:14:15.1825492Z,89,67,8,0,0,UNDETERMINED,2,0, 0,0,0,0,0,0
CAM5,2018-03-31T02:13:55.7897879Z,13,1584,11,0,0,UNDETERMINED,0,4, 0,0,0,0,0,0
CAM13,2018-03-31T02:14:15.7294190Z,188,48,30,54,1,heading: ->,176,223, 7,1,4,0,0,2
CAM14,2018-03-31T02:14:15.1825492Z,108,1036,50,12,12,UNDETERMINED,0,0, 2,0,0,0,0,2
CAM06,2018-03-31T02:14:14.6825377Z,289,74,52,35,37,UNDETERMINED,170,128, 7,1,0,1,1,4
CAM11,2018-03-31T02:13:55.2741707Z,8,41,8,0,0,UNDETERMINED,0,0, 0,0,0,0,0,0
CAM02,2018-03-31T02:14:15.1825492Z,6,180,100,0,1,UNDETERMINED,0,0, 0,0,0,0,0,0
CAM14,2018-03-31T02:13:55.7897879Z,123,1102,50,21,13,UNDETERMINED,0,0, 1,0,0,0,0,1
CAM15,2018-03-31T02:14:15.1825492Z,4,253,100,0,0,UNDETERMINED,0,0, 0,0,0,0,0,0
CAM5,2018-03-31T02:14:15.1825492Z,18,1674,13,0,0,UNDETERMINED,0,4, 0,0,0,0,0,0
CAM02,2018-03-31T02:14:15.7294190Z,8,181,100,0,1,UNDETERMINED,0,0, 0,0,0,0,0,0
CAM07,2018-03-31T02:14:14.6825377Z,44,244,16,0,3,UNDETERMINED,0,0, 0,0,0,0,0,0
CAM5,2018-03-31T02:14:15.1825492Z,15,1662,11,0,0,UNDETERMINED,0,4, 0,0,0,0,0,0
CAM03,2018-03-31T02:13:55.2741707Z,4,3528,100,0,18,UNDETERMINED,0,0, 0,0,0,0,0,0
CAM10,2018-03-31T02:14:15.1825492Z,98,73,8,0,0,UNDETERMINED,2,0, 0,0,0,0,0,0
CAM11,2018-03-31T02:13:55.7897879Z,7,47,6,0,0,UNDETERMINED,0,0, 0,0,0,0,0,0
CAM07,2018-03-31T02:14:15.7294190Z,47,256,15,0,3,UNDETERMINED,0,0, 0,0,0,0,0,0
CAM13,2018-03-31T02:14:15.7450443Z,226,73,24,49,5,UNDETERMINED,176,223, 11,0,2,2,0,7
CAM15,2018-03-31T02:14:14.6825377Z,3,256,100,0,0,UNDETERMINED,0,0, 0,0,0,0,0,0
CAM03,2018-03-31T02:13:55.7897879Z,3,3429,100,0,18,UNDETERMINED,0,0, 0,0,0,0,0,0
CAM02,2018-03-31T02:14:15.7450443Z,11,177,99,0,1,UNDETERMINED,0,0, 0,0,0,0,0,0
CAM14,2018-03-31T02:13:55.7897879Z,75,653,71,35,2,UNDETERMINED,0,0, 0,0,0,0,0,0
CAM15,2018-03-31T02:14:16.3856708Z,4,261,100,0,0,UNDETERMINED,0,0, 0,0,0,0,0,0
CAM03,2018-03-31T02:14:15.1825492Z,5,3598,100,0,18,UNDETERMINED,0,0, 0,0,0,0,0,0
CAM06,2018-03-31T02:14:15.7450443Z,199,77,59,19,25,UNDETERMINED,171,129, 4,0,0,1,1,2
CAM11,2018-03-31T02:14:15.7450443Z,5,37,8,0,0,UNDETERMINED,0,0, 0,0,0,0,0,0
CAM02,2018-03-31T02:13:55.7897879Z,7,185,100,0,1,UNDETERMINED,0,0, 0,0,0,0,0,0
CAM13,2018-03-31T02:13:56.2898024Z,208,47,24,44,2,UNDETERMINED,176,223, 7,0,1,0,1,5
CAM07,2018-03-31T02:14:15.6981909Z,51,250,16,0,3,UNDETERMINED,0,0, 0,0,0,0,0,0
CAM15,2018-03-31T02:14:16.3856708Z,4,249,100,0,0,UNDETERMINED,0,0, 0,0,0,0,0,0
CAM10,2018-03-31T02:14:15.1825492Z,109,80,8,0,0,UNDETERMINED,2,0, 0,0,0,0,0,0
CAM07,2018-03-31T02:14:15.7450443Z,48,275,15,0,3,UNDETERMINED,0,0, 0,0,0,0,0,0
CAM06,2018-03-31T02:13:55.7897879Z,268,76,54,38,35,heading: <-,171,130, 5,1,0,0,0,4
CAM13,2018-03-31T02:14:15.7450443Z,254,81,24,33,7,heading: v,176,223, 11,0,1,0,2,8
CAM5,2018-03-31T02:13:56.2898024Z,15,1061,15,0,0,UNDETERMINED,0,4, 0,0,0,0,0,0
CAM11,2018-03-31T02:14:15.6981909Z,6,29,6,0,0,UNDETERMINED,0,0, 0,0,0,0,0,0
CAM02,2018-03-31T02:14:15.1825492Z,8,178,100,0,1,UNDETERMINED,0,0, 0,0,0,0,0,0
CAM11,2018-03-31T02:14:15.7450443Z,7,37,8,0,0,UNDETERMINED,0,0, 0,0,0,0,0,0
CAM13,2018-03-31T02:13:55.7897879Z,270,111,26,41,13,UNDETERMINED,176,223, 11,1,1,0,1,8
CAM15,2018-03-31T02:14:15.7450443Z,1,245,100,0,0,UNDETERMINED,0,0, 0,0,0,0,0,0
CAM10,2018-03-31T02:13:56.2898024Z,87,64,8,0,0,UNDETERMINED,2,0, 0,0,0,0,0,0
CAM5,2018-03-31T02:14:15.6981909Z,13,750,13,0,0,UNDETERMINED,0,4, 0,0,0,0,0,0
CAM14,2018-03-31T02:14:16.3856708Z,103,961,58,52,7,UNDETERMINED,0,0, 1,0,0,0,0,1
CAM07,2018-03-31T02:14:15.7450443Z,51,278,15,0,3,UNDETERMINED,0,0, 0,0,0,0,0,0
CAM03,2018-03-31T02:13:55.7897879Z,3,3626,100,0,18,UNDETERMINED,0,0, 0,0,0,0,0,0
CAM06,2018-03-31T02:13:56.2898024Z,294,74,51,48,33,heading: ->,172,130, 5,0,1,0,0,4
CAM13,2018-03-31T02:14:15.7450443Z,311,136,25,35,16,heading: ->,177,223, 12,1,4,1,1,5
CAM02,2018-03-31T02:14:15.6981909Z,9,184,100,0,1,UNDETERMINED,0,0, 0,0,0,0,0,0
CAM10,2018-03-31T02:14:16.3856708Z,114,91,8,0,0,UNDETERMINED,2,0, 0,0,0,0,0,0
CAM11,2018-03-31T02:14:15.1825492Z,6,29,7,0,0,UNDETERMINED,0,0, 0,0,0,0,0,0
CAM10,2018-03-31T02:13:55.7897879Z,111,86,8,0,0,UNDETERMINED,2,0, 0,0,0,0,0,0
CAM02,2018-03-31T02:14:15.7450443Z,13,188,99,0,1,UNDETERMINED,0,0, 0,0,0,0,0,0
CAM15,2018-03-31T02:14:15.6981909Z,4,246,100,0,0,UNDETERMINED,0,0, 0,0,0,0,0,0
CAM03,2018-03-31T02:13:56.2898024Z,3,3429,100,0,18,UNDETERMINED,0,0, 0,0,0,0,0,0
CAM14,2018-03-31T02:14:16.4013023Z,115,1043,54,74,10,UNDETERMINED,0,0, 1,0,0,0,0,1
CAM13,2018-03-31T02:14:16.4013023Z,289,127,27,42,14,heading: v,177,223, 12,0,1,1,3,7
CAM06,2018-03-31T02:14:15.1825492Z,265,74,54,64,15,UNDETERMINED,172,130, 2,0,0,0,0,2
CAM02,2018-03-31T02:14:16.4013023Z,13,183,99,0,1,UNDETERMINED,0,0, 0,0,0,0,0,0
CAM14,2018-03-31T02:13:56.2898024Z,61,594,77,84,0,UNDETERMINED,0,0, 1,0,0,0,0,1
CAM5,2018-03-31T02:14:15.6981909Z,16,2092,10,0,0,UNDETERMINED,0,4, 0,0,0,0,0,0
CAM15,2018-03-31T02:14:16.4013023Z,4,259,100,0,0,UNDETERMINED,0,0, 0,0,0,0,0,0
CAM11,2018-03-31T02:14:16.4013023Z,6,31,6,0,0,UNDETERMINED,0,0, 0,0,0,0,0,0
CAM10,2018-03-31T02:14:15.7294190Z,104,79,8,0,0,UNDETERMINED,2,0, 0,0,0,0,0,0
CAM13,2018-03-31T02:13:56.2898024Z,264,123,26,1,13,heading: v,178,223, 8,1,1,1,3,2
CAM02,2018-03-31T02:13:56.8054274Z,10,181,100,0,1,UNDETERMINED,0,0, 0,0,0,0,0,0
CAM07,2018-03-31T02:14:16.3856708Z,50,256,15,0,3,UNDETERMINED,0,0, 0,0,0,0,0,0
CAM14,2018-03-31T02:14:16.4013023Z,68,772,67,36,0,UNDETERMINED,0,0, 0,0,0,0,0,0
CAM13,2018-03-31T02:14:16.4013023Z,172,69,29,55,0,heading: ^,178,223, 11,1,1,2,1,6
CAM5,2018-03-31T02:14:15.7450443Z,16,1724,10,0,0,UNDETERMINED,0,4, 0,0,0,0,0,0
CAM10,2018-03-31T02:13:56.2898024Z,109,72,8,0,0,UNDETERMINED,2,0, 0,0,0,0,0,0
CAM11,2018-03-31T02:14:16.4013023Z,7,31,8,0,0,UNDETERMINED,0,0, 0,0,0,0,0,0
CAM02,2018-03-31T02:13:56.8054274Z,9,188,99,0,1,UNDETERMINED,0,0, 0,0,0,0,0,0
CAM15,2018-03-31T02:14:16.3856708Z,3,251,100,0,0,UNDETERMINED,0,0, 0,0,0,0,0,0
CAM10,2018-03-31T02:14:16.4013023Z,86,67,9,0,0,UNDETERMINED,2,0, 0,0,0,0,0,0
CAM06,2018-03-31T02:14:15.7450443Z,278,74,53,25,38,heading: <-,172,130, 5,2,0,0,0,3
CAM11,2018-03-31T02:14:16.4013023Z,5,32,8,0,0,UNDETERMINED,0,0, 0,0,0,0,0,0
CAM13,2018-03-31T02:14:16.4013023Z,255,68,24,31,2,heading: ^,178,224, 11,1,0,3,1,6
CAM07,2018-03-31T02:13:56.2898024Z,47,255,15,0,3,UNDETERMINED,0,0, 0,0,0,0,0,0
CAM03,2018-03-31T02:13:56.8054274Z,3,3321,100,0,18,UNDETERMINED,0,0, 0,0,0,0,0,0
CAM14,2018-03-31T02:14:16.3856708Z,129,1118,46,2,26,UNDETERMINED,0,0, 1,0,0,0,0,1
CAM07,2018-03-31T02:14:16.4013023Z,45,254,16,0,3,UNDETERMINED,0,0, 0,0,0,0,0,0
CAM02,2018-03-31T02:14:15.7450443Z,8,186,99,0,1,UNDETERMINED,0,0, 0,0,0,0,0,0
CAM06,2018-03-31T02:14:16.4013023Z,241,75,53,44,31,UNDETERMINED,172,131, 6,1,0,1,1,3
CAM15,2018-03-31T02:13:56.2898024Z,4,246,100,0,0,UNDETERMINED,0,0, 0,0,0,0,0,0
CAM5,2018-03-31T02:14:16.4013023Z,16,1174,18,0,0,UNDETERMINED,0,4, 0,0,0,0,0,0
CAM07,2018-03-31T02:14:16.3856708Z,54,270,16,0,3,UNDETERMINED,0,0, 0,0,0,0,0,0
CAM02,2018-03-31T02:14:16.4013023Z,11,180,100,0,1,UNDETERMINED,0,0, 0,0,0,0,0,0
CAM13,2018-03-31T02:14:15.7450443Z,274,107,22,44,11,heading: ^,178,224, 14,2,2,3,0,7
CAM10,2018-03-31T02:13:56.2898024Z,114,76,8,0,0,UNDETERMINED,2,0, 0,0,0,0,0,0
CAM03,2018-03-31T02:14:16.4013023Z,4,3125,100,0,18,UNDETERMINED,0,0, 0,0,0,0,0,0
CAM06,2018-03-31T02:14:16.4013023Z,231,77,57,23,26,heading: <-,172,131, 7,2,1,0,0,4
CAM14,2018-03-31T02:13:56.8054274Z,76,863,61,78,2,UNDETERMINED,0,0, 1,0,0,0,0,1
CAM02,2018-03-31T02:14:16.4013023Z,11,183,99,0,1,UNDETERMINED,0,0, 0,0,0,0,0,0
CAM11,2018-03-31T02:14:15.7450443Z,9,50,9,0,0,UNDETERMINED,0,0, 0,0,0,0,0,0
CAM03,2018-03-31T02:14:16.9481772Z,3,3345,100,0,18,UNDETERMINED,0,0, 0,0,0,0,0,0
CAM13,2018-03-31T02:13:56.8054274Z,293,125,23,43,14,heading: ^,178,224, 12,2,0,4,0,6
CAM5,2018-03-31T02:14:16.4013023Z,16,1676,9,0,0,UNDETERMINED,0,4, 0,0,0,0,0,0
CAM06,2018-03-31T02:13:56.8054274Z,235,73,53,38,37,UNDETERMINED,172,131, 5,0,0,0,0,5
CAM14,2018-03-31T02:14:16.3856708Z,71,746,70,31,0,UNDETERMINED,0,0, 0,0,0,0,0,0
CAM02,2018-03-31T02:14:16.9481772Z,8,182,100,0,1,UNDETERMINED,0,0, 0,0,0,0,0,0
CAM07,2018-03-31T02:14:16.9481772Z,48,269,16,0,3,UNDETERMINED,0,0, 0,0,0,0,0,0
CAM14,2018-03-31T02:13:56.8054274Z,62,554,76,10,0,UNDETERMINED,0,0, 0,0,0,0,0,0
CAM06,2018-03-31T02:14:16.4013023Z,220,78,58,48,35,heading: ^,172,131, 7,0,0,2,0,5
CAM15,2018-03-31T02:14:16.4013023Z,3,246,100,0,0,UNDETERMINED,0,0, 0,0,0,0,0,0
CAM10,2018-03-31T02:14:16.9481772Z,136,100,7,0,0,UNDETERMINED,2,0, 0,0,0,0,0,0
CAM11,2018-03-31T02:13:57.3210627Z,7,31,8,0,0,UNDETERMINED,0,0, 0,0,0,0,0,0
CAM15,2018-03-31T02:14:16.9481772Z,2,256,100,0,0,UNDETERMINED,0,0, 0,0,0,0,0,0
CAM03,2018-03-31T02:13:56.8054274Z,4,3425,100,0,18,UNDETERMINED,0,0, 0,0,0,0,0,0
CAM11,2018-03-31T02:14:16.9481772Z,6,27,6,0,0,UNDETERMINED,0,0, 0,0,0,0,0,0
CAM10,2018-03-31T02:14:16.4013023Z,110,94,7,0,0,UNDETERMINED,2,0, 0,0,0,0,0,0
CAM5,2018-03-31T02:13:57.3210627Z,17,1724,11,0,0,UNDETERMINED,0,4, 0,0,0,0,0,0
CAM07,2018-03-31T02:14:16.9481772Z,55,267,16,0,3,UNDETERMINED,0,0, 0,0,0,0,0,0
CAM13,2018-03-31T02:14:16.9481772Z,300,133,23,42,14,UNDETERMINED,178,225, 10,3,0,3,0,4
CAM15,2018-03-31T02:13:56.8054274Z,5,252,100,0,0,UNDETERMINED,0,0, 0,0,0,0,0,0
CAM06,2018-03-31T02:14:16.4013023Z,277,74,54,41,29,heading: <-,172,133, 4,1,0,0,0,3
CAM11,2018-03-31T02:14:16.4013023Z,5,31,8,0,0,UNDETERMINED,0,0, 0,0,0,0,0,0
CAM02,2018-03-31T02:14:16.9481772Z,8,178,100,0,1,UNDETERMINED,0,0, 0,0,0,0,0,0
CAM10,2018-03-31T02:13:57.3210627Z,119,98,8,0,0,UNDETERMINED,2,0, 0,0,0,0,0,0
CAM07,2018-03-31T02:14:16.9481772Z,55,312,15,0,3,UNDETERMINED,0,0, 0,0,0,0,0,0
CAM13,2018-03-31T02:14:16.4013023Z,284,99,21,45,9,heading: <-,178,226, 11,3,0,2,0,6
CAM10,2018-03-31T02:14:16.9481772Z,109,82,8,0,0,UNDETERMINED,2,0, 0,0,0,0,0,0
CAM5,2018-03-31T02:13:56.8054274Z,36,3785,12,0,0,UNDETERMINED,0,4, 0,0,0,0,0,0
CAM03,2018-03-31T02:14:16.4013023Z,2,3537,100,0,18,UNDETERMINED,0,0, 0,0,0,0,0,0
CAM07,2018-03-31T02:13:57.3210627Z,58,300,14,0,3,UNDETERMINED,0,0, 0,0,0,0,0,0
CAM06,2018-03-31T02:14:16.9481772Z,220,79,59,46,23,heading: <-,172,133, 6,2,0,0,0,4
CAM13,2018-03-31T02:14:16.9481772Z,190,68,31,54,0,heading: <-,178,226, 11,3,1,2,1,4
CAM14,2018-03-31T02:14:16.4013023Z,128,1070,55,94,3,UNDETERMINED,0,0, 2,0,0,0,0,2
CAM11,2018-03-31T02:14:16.9481772Z,5,25,8,0,0,UNDETERMINED,0,0, 0,0,0,0,0,0
CAM07,2018-03-31T02:13:56.8054274Z,70,344,15,0,3,UNDETERMINED,0,0, 0,0,0,0,0,0
CAM15,2018-03-31T02:14:16.4013023Z,6,242,100,0,0,UNDETERMINED,0,0, 0,0,0,0,0,0
CAM03,2018-03-31T02:13:57.3210627Z,3,3453,100,0,18,UNDETERMINED,0,0, 0,0,0,0,0,0
CAM10,2018-03-31T02:14:16.9481772Z,109,85,8,0,0,UNDETERMINED,2,0, 0,0,0,0,0,0
CAM06,2018-03-31T02:14:16.4013023Z,205,76,57,24,15,heading: <-,172,134, 7,4,0,0,0,3
CAM5,2018-03-31T02:14:16.9481772Z,25,3011,12,0,0,UNDETERMINED,0,4, 0,0,0,0,0,0
CAM14,2018-03-31T02:13:57.3210627Z,103,949,61,95,3,UNDETERMINED,0,0, 0,0,0,0,0,0
CAM06,2018-03-31T02:13:57.3210627Z,271,76,54,30,17,heading: <-,172,134, 9,4,0,2,0,3
CAM13,2018-03-31T02:14:16.9481772Z,276,84,23,38,9,heading: ^,178,226, 13,2,1,4,0,6
CAM15,2018-03-31T02:14:16.9481772Z,6,254,100,0,0,UNDETERMINED,0,0, 0,0,0,0,0,0
CAM07,2018-03-31T02:13:57.3210627Z,63,295,15,0,3,UNDETERMINED,0,0, 0,0,0,0,0,0
CAM07,2018-03-31T02:13:57.8366767Z,49,268,15,0,3,UNDETERMINED,0,0, 0,0,0,0,0,0
CAM02,2018-03-31T02:14:16.9481772Z,10,184,100,0,1,UNDETERMINED,0,0, 0,0,0,0,0,0
CAM06,2018-03-31T02:13:57.8366767Z,279,74,50,37,33,heading: ^,172,135, 9,1,1,2,0,5
CAM15,2018-03-31T02:14:16.9481772Z,3,240,100,0,0,UNDETERMINED,0,0, 0,0,0,0,0,0
CAM13,2018-03-31T02:13:57.3210627Z,274,103,24,31,10,UNDETERMINED,178,227, 13,3,0,3,0,7
CAM06,2018-03-31T02:13:57.8366767Z,223,77,55,41,16,UNDETERMINED,172,135, 8,2,2,1,1,2
CAM15,2018-03-31T02:14:16.9481772Z,3,243,100,0,0,UNDETERMINED,0,0, 0,0,0,0,0,0
CAM11,2018-03-31T02:13:57.3210627Z,6,32,8,0,0,UNDETERMINED,0,0, 0,0,0,0,0,0
CAM10,2018-03-31T02:13:57.8366767Z,127,94,8,0,0,UNDETERMINED,2,0, 0,0,0,0,0,0
CAM13,2018-03-31T02:13:57.3210627Z,265,77,23,39,2,UNDETERMINED,179,229, 13,4,2,4,1,2
CAM06,2018-03-31T02:14:16.9481772Z,275,75,53,33,22,heading: ->,173,135, 9,0,2,1,1,5
CAM14,2018-03-31T02:13:57.8366767Z,46,513,78,15,0,UNDETERMINED,0,0, 2,0,0,0,0,2
CAM13,2018-03-31T02:14:16.9481772Z,225,63,24,41,3,heading: ^,179,229, 11,2,2,3,1,3
CAM07,2018-03-31T02:13:57.8366767Z,47,292,15,0,3,UNDETERMINED,0,0, 0,0,0,0,0,0
CAM11,2018-03-31T02:13:57.8366767Z,7,31,7,0,0,UNDETERMINED,0,0, 0,0,0,0,0,0
CAM03,2018-03-31T02:13:57.8366767Z,2,3804,100,0,18,UNDETERMINED,0,0, 0,0,0,0,0,0
CAM11,2018-03-31T02:13:58.3523139Z,5,33,7,0,0,UNDETERMINED,0,0, 0,0,0,0,0,0
CAM11,2018-03-31T02:13:58.3523139Z,6,31,7,0,0,UNDETERMINED,0,0, 0,0,0,0,0,0
CAM07,2018-03-31T02:13:57.8366767Z,61,273,15,0,3,UNDETERMINED,0,0, 0,0,0,0,0,0
CAM03,2018-03-31T02:13:57.8366767Z,4,3537,100,0,18,UNDETERMINED,0,0, 0,0,0,0,0,0
CAM02,2018-03-31T02:13:58.3523139Z,9,172,99,0,1,UNDETERMINED,0,0, 0,0,0,0,0,0
CAM07,2018-03-31T02:13:57.8366767Z,52,262,16,0,3,UNDETERMINED,0,0, 0,0,0,0,0,0
CAM13,2018-03-31T02:13:58.3523139Z,299,99,20,26,10,heading: ^,180,230, 12,1,2,3,0,6
CAM02,2018-03-31T02:13:58.3523139Z,11,181,99,0,1,UNDETERMINED,0,0, 0,0,0,0,0,0
CAM14,2018-03-31T02:13:58.3523139Z,136,1140,56,74,5,UNDETERMINED,0,0, 2,0,0,0,0,2
CAM03,2018-03-31T02:13:58.3523139Z,2,3626,100,0,18,UNDETERMINED,0,0, 0,0,0,0,0,0
CAM13,2018-03-31T02:13:58.3523139Z,266,105,24,26,11,heading: ^,182,230, 15,1,1,5,1,7
CAM03,2018-03-31T02:13:58.8679406Z,2,3490,100,0,18,UNDETERMINED,0,0, 0,0,0,0,0,0
CAM5,2018-03-31T02:13:58.3523139Z,22,1845,16,0,0,UNDETERMINED,0,4, 0,0,0,0,0,0
CAM06,2018-03-31T02:13:58.8679406Z,265,75,52,27,18,UNDETERMINED,179,136, 6,1,1,0,0,4
CAM10,2018-03-31T02:13:58.3523139Z,118,89,8,0,0,UNDETERMINED,2,0, 0,0,0,0,0,0
CAM11,2018-03-31T02:13:58.3523139Z,5,32,8,0,0,UNDETERMINED,0,0, 0,0,0,0,0,0
CAM13,2018-03-31T02:13:58.8679406Z,211,61,23,37,1,heading: ^,182,230, 13,3,0,4,1,5
CAM14,2018-03-31T02:13:58.3523139Z,116,985,52,68,5,heading: v,0,0, 3,0,0,0,1,2
CAM13,2018-03-31T02:13:58.8679406Z,217,85,24,26,4,heading: ^,183,230, 15,2,3,6,2,2
CAM5,2018-03-31T02:13:58.8679406Z,18,2030,11,0,0,UNDETERMINED,0,4, 0,0,0,0,0,0
CAM07,2018-03-31T02:13:58.8679406Z,58,293,15,0,3,UNDETERMINED,0,0, 0,0,0,0,0,0
CAM10,2018-03-31T02:13:58.8679406Z,123,97,7,0,0,UNDETERMINED,2,0, 0,0,0,0,0,0
CAM13,2018-03-31T02:13:59.3679455Z,298,109,20,24,11,heading: ^,183,230, 14,2,1,6,3,2
CAM15,2018-03-31T02:13:58.8679406Z,3,259,100,0,0,UNDETERMINED,0,0, 0,0,0,0,0,0
CAM11,2018-03-31T02:13:59.3679455Z,5,27,7,0,0,UNDETERMINED,0,0, 0,0,0,0,0,0
CAM13,2018-03-31T02:13:58.8679406Z,261,78,23,42,2,heading: <-,184,231, 16,5,2,3,1,5
CAM10,2018-03-31T02:13:59.3679455Z,116,83,8,0,0,UNDETERMINED,2,0, 0,0,0,0,0,0
CAM13,2018-03-31T02:13:58.8679406Z,158,43,30,11,1,heading: ^,212,276, 10,2,1,3,1,3
CAM03,2018-03-31T02:13:59.3679455Z,3,3631,100,0,18,UNDETERMINED,0,0, 0,0,0,0,0,0
CAM13,2018-03-31T02:13:58.8679406Z,275,83,25,16,7,UNDETERMINED,211,273, 12,2,1,2,0,7
CAM02,2018-03-31T02:13:59.3679455Z,10,182,99,0,1,UNDETERMINED,0,0, 0,0,0,0,0,0
CAM13,2018-03-31T02:13:59.3679455Z,291,124,25,52,15,UNDETERMINED,212,277, 6,2,0,2,1,1
CAM06,2018-03-31T02:13:59.3679455Z,248,72,50,38,25,heading: <-,193,161, 6,2,1,1,1,1
CAM13,2018-03-31T02:13:59.8835744Z,261,112,25,4,15,heading: <-,211,273, 13,2,1,1,1,8
CAM06,2018-03-31T02:13:59.3679455Z,184,79,60,22,16,heading: <-,192,160, 8,2,0,1,0,5
CAM07,2018-03-31T02:13:59.8835744Z,43,312,15,0,3,UNDETERMINED,0,0, 0,0,0,0,0,0
CAM10,2018-03-31T02:13:59.3679455Z,135,97,7,0,0,UNDETERMINED,2,0, 0,0,0,0,0,0
CAM07,2018-03-31T02:13:59.8835744Z,54,277,16,0,3,UNDETERMINED,0,0, 0,0,0,0,0,0
CAM02,2018-03-31T02:13:59.3679455Z,6,176,100,0,1,UNDETERMINED,0,0, 0,0,0,0,0,0
CAM06,2018-03-31T02:13:59.8835744Z,271,73,50,32,31,heading: v,192,160, 6,1,0,0,3,2
CAM5,2018-03-31T02:13:59.8835744Z,21,1477,18,0,0,UNDETERMINED,0,4, 0,0,0,0,0,0
CAM10,2018-03-31T02:13:59.8835744Z,123,91,8,0,0,UNDETERMINED,2,0, 0,0,0,0,0,0
CAM13,2018-03-31T02:13:59.8835744Z,278,129,25,46,15,heading: <-,212,278, 8,2,1,0,1,4
CAM07,2018-03-31T02:13:59.8835744Z,59,282,15,0,3,UNDETERMINED,0,0, 0,0,0,0,0,0
CAM03,2018-03-31T02:14:00.3992082Z,4,3490,100,0,18,UNDETERMINED,0,0, 0,0,0,0,0,0
CAM13,2018-03-31T02:13:59.8835744Z,189,50,32,55,0,heading: <-,212,278, 9,2,1,1,1,4
CAM02,2018-03-31T02:14:00.3992082Z,6,187,99,0,1,UNDETERMINED,0,0, 0,0,0,0,0,0
CAM07,2018-03-31T02:13:59.8835744Z,52,284,15,0,3,UNDETERMINED,0,0, 0,0,0,0,0,0
CAM02,2018-03-31T02:13:59.8835744Z,9,189,99,0,1,UNDETERMINED,0,0, 0,0,0,0,0,0
CAM14,2018-03-31T02:14:00.3992082Z,121,979,53,39,7,UNDETERMINED,0,0, 1,0,0,0,0,1
CAM14,2018-03-31T02:13:59.8835744Z,109,992,54,10,6,UNDETERMINED,0,0, 2,0,0,0,0,2
CAM10,2018-03-31T02:14:00.3992082Z,100,74,9,0,0,UNDETERMINED,2,0, 0,0,0,0,0,0
CAM02,2018-03-31T02:14:00.3992082Z,10,189,99,0,1,UNDETERMINED,0,0, 0,0,0,0,0,0
CAM5,2018-03-31T02:14:00.3992082Z,9,706,19,0,0,UNDETERMINED,0,4, 0,0,0,0,0,0
CAM15,2018-03-31T02:14:00.3992082Z,6,231,100,0,0,UNDETERMINED,0,0, 0,0,0,0,0,0
CAM14,2018-03-31T02:14:00.9148389Z,61,559,78,16,0,UNDETERMINED,0,0, 2,0,0,0,0,2
CAM5,2018-03-31T02:14:00.9148389Z,9,431,87,0,0,UNDETERMINED,0,4, 0,0,0,0,0,0
CAM13,2018-03-31T02:14:00.3992082Z,176,50,32,53,0,UNDETERMINED,215,280, 10,1,2,2,0,5
CAM15,2018-03-31T02:14:00.9148389Z,6,240,100,0,0,UNDETERMINED,0,0, 0,0,0,0,0,0
CAM03,2018-03-31T02:14:00.3992082Z,4,3626,100,0,18,UNDETERMINED,0,0, 0,0,0,0,0,0
CAM14,2018-03-31T02:14:00.9148389Z,109,994,53,45,6,UNDETERMINED,0,0, 0,0,0,0,0,0
CAM07,2018-03-31T02:14:00.3992082Z,52,279,15,0,3,UNDETERMINED,0,0, 0,0,0,0,0,0
CAM02,2018-03-31T02:14:00.9148389Z,7,182,100,0,1,UNDETERMINED,0,0, 0,0,0,0,0,0
CAM14,2018-03-31T02:14:00.9148389Z,98,924,59,5,4,UNDETERMINED,0,0, 0,0,0,0,0,0
CAM13,2018-03-31T02:14:00.9148389Z,284,122,25,33,14,heading: ->,216,280, 13,2,3,2,2,4
CAM11,2018-03-31T02:14:00.9148389Z,6,34,8,0,0,UNDETERMINED,0,0, 0,0,0,0,0,0
CAM15,2018-03-31T02:14:00.9148389Z,5,245,100,0,0,UNDETERMINED,0,0, 0,0,0,0,0,0
CAM14,2018-03-31T02:14:00.9148389Z,116,997,51,11,6,UNDETERMINED,0,0, 3,0,0,0,0,3
CAM02,2018-03-31T02:14:00.9148389Z,9,177,100,0,1,UNDETERMINED,0,0, 0,0,0,0,0,0
CAM5,2018-03-31T02:14:00.9148389Z,7,376,14,0,0,UNDETERMINED,0,4, 0,0,0,0,0,0
CAM02,2018-03-31T02:14:00.9148389Z,11,177,99,0,1,UNDETERMINED,0,0, 0,0,0,0,0,0
CAM06,2018-03-31T02:14:00.9148389Z,177,81,64,19,9,UNDETERMINED,199,164, 4,0,1,1,1,1
CAM10,2018-03-31T02:14:00.9148389Z,101,74,8,0,0,UNDETERMINED,2,0, 0,0,0,0,0,0
CAM13,2018-03-31T02:14:00.9304426Z,212,48,24,5,2,UNDETERMINED,217,280, 8,1,1,1,0,5
CAM13,2018-03-31T02:14:00.9148389Z,246,88,26,41,10,UNDETERMINED,217,280, 7,1,1,1,0,4
CAM07,2018-03-31T02:14:00.9304426Z,46,285,16,0,3,UNDETERMINED,0,0, 0,0,0,0,0,0
CAM06,2018-03-31T02:14:00.9148389Z,241,76,55,25,21,heading: <-,200,164, 5,3,0,0,0,2
CAM03,2018-03-31T02:14:01.4461032Z,3,3687,100,0,18,UNDETERMINED,0,0, 0,0,0,0,0,0
CAM15,2018-03-31T02:14:00.9148389Z,6,253,100,0,0,UNDETERMINED,0,0, 0,0,0,0,0,0
CAM07,2018-03-31T02:14:01.4461032Z,51,275,15,0,3,UNDETERMINED,0,0, 0,0,0,0,0,0
CAM02,2018-03-31T02:14:00.9148389Z,10,183,100,0,1,UNDETERMINED,0,0, 0,0,0,0,0,0
CAM5,2018-03-31T02:14:01.4461032Z,8,700,10,0,0,UNDETERMINED,0,4, 0,0,0,0,0,0
CAM03,2018-03-31T02:14:01.4461032Z,3,3514,100,0,18,UNDETERMINED,0,0, 0,0,0,0,0,0
CAM5,2018-03-31T02:14:00.9148389Z,12,1122,11,0,0,UNDETERMINED,0,4, 0,0,0,0,0,0
CAM13,2018-03-31T02:14:01.4461032Z,198,55,26,59,1,UNDETERMINED,218,282, 12,3,3,0,0,6
CAM07,2018-03-31T02:14:01.4461032Z,61,331,15,0,3,UNDETERMINED,0,0, 0,0,0,0,0,0
CAM03,2018-03-31T02:14:01.4461032Z,3,3739,100,0,18,UNDETERMINED,0,0, 0,0,0,0,0,0
CAM10,2018-03-31T02:14:01.4461032Z,116,82,8,0,0,UNDETERMINED,2,0, 0,0,0,0,0,0
CAM03,2018-03-31T02:14:01.9461007Z,4,3429,100,0,18,UNDETERMINED,0,0, 0,0,0,0,0,0
CAM15,2018-03-31T02:14:01.4461032Z,7,246,100,0,0,UNDETERMINED,0,0, 0,0,0,0,0,0
CAM15,2018-03-31T02:14:01.4461032Z,5,235,100,0,0,UNDETERMINED,0,0, 0,0,0,0,0,0
CAM11,2018-03-31T02:14:01.9617009Z,5,30,7,0,0,UNDETERMINED,0,0, 0,0,0,0,0,0
CAM02,2018-03-31T02:14:01.4461032Z,9,181,99,0,1,UNDETERMINED,0,0, 0,0,0,0,0,0
CAM10,2018-03-31T02:14:01.9617009Z,171,125,7,0,0,UNDETERMINED,2,0, 1,0,0,0,0,1
CAM03,2018-03-31T02:14:01.4461032Z,2,3331,100,0,18,UNDETERMINED,0,0, 0,0,0,0,0,0
CAM07,2018-03-31T02:14:01.9617009Z,55,330,15,0,3,UNDETERMINED,0,0, 0,0,0,0,0,0
CAM15,2018-03-31T02:14:01.9461007Z,4,220,100,0,0,UNDETERMINED,0,0, 0,0,0,0,0,0
CAM14,2018-03-31T02:14:01.9617009Z,125,1101,48,48,13,heading: ->,1,0, 2,0,1,0,0,1
CAM02,2018-03-31T02:14:01.9461007Z,13,183,99,0,1,UNDETERMINED,0,0, 0,0,0,0,0,0
CAM5,2018-03-31T02:14:02.4617368Z,0,100,100,5,0,heading: ^,0,4, 3,0,0,1,0,2
CAM5,2018-03-31T02:14:02.4617368Z,18,1427,10,0,0,heading: ^,0,4, 3,0,0,1,0,2
CAM10,2018-03-31T02:14:01.9461007Z,79,61,9,1,0,heading: ->,3,0, 5,0,1,0,0,4
CAM15,2018-03-31T02:14:01.9461007Z,9,271,100,0,0,UNDETERMINED,0,0, 0,0,0,0,0,0
CAM13,2018-03-31T02:14:01.9461007Z,293,127,24,4,14,UNDETERMINED,225,295, 6,2,2,0,0,2
CAM15,2018-03-31T02:14:02.4617368Z,8,256,100,0,0,UNDETERMINED,0,0, 0,0,0,0,0,0
CAM07,2018-03-31T02:14:01.9461007Z,51,274,15,0,3,UNDETERMINED,0,0, 0,0,0,0,0,0
CAM14,2018-03-31T02:14:02.4617368Z,118,1019,53,1,14,UNDETERMINED,1,0, 0,0,0,0,0,0
CAM13,2018-03-31T02:14:01.9461007Z,197,58,33,59,0,heading: ->,225,295, 12,1,2,1,0,8
CAM11,2018-03-31T02:14:02.4617368Z,8,38,10,0,0,UNDETERMINED,0,0, 0,0,0,0,0,0
CAM07,2018-03-31T02:14:01.9461007Z,63,278,15,0,3,UNDETERMINED,0,0, 0,0,0,0,0,0
CAM14,2018-03-31T02:14:02.9773372Z,114,1030,51,4,17,UNDETERMINED,1,0, 0,0,0,0,0,0
CAM06,2018-03-31T02:14:01.9461007Z,230,77,55,30,24,UNDETERMINED,210,172, 5,1,0,1,0,3
CAM07,2018-03-31T02:14:02.9773372Z,49,267,16,0,3,UNDETERMINED,0,0, 0,0,0,0,0,0
CAM03,2018-03-31T02:14:01.9461007Z,2,3265,100,0,18,UNDETERMINED,0,0, 0,0,0,0,0,0
CAM03,2018-03-31T02:14:01.9461007Z,4,3729,100,0,18,UNDETERMINED,0,0, 0,0,0,0,0,0
CAM10,2018-03-31T02:14:02.9773372Z,102,68,8,0,0,UNDETERMINED,3,0, 0,0,0,0,0,0
CAM07,2018-03-31T02:14:01.9461007Z,46,287,16,0,3,UNDETERMINED,0,0, 0,0,0,0,0,0
CAM10,2018-03-31T02:14:02.9773372Z,92,64,8,0,0,UNDETERMINED,3,0, 0,0,0,0,0,0
CAM5,2018-03-31T02:14:01.9461007Z,1,194,100,0,0,UNDETERMINED,0,4, 0,0,0,0,0,0
CAM03,2018-03-31T02:14:02.9773372Z,2,3542,100,0,18,UNDETERMINED,0,0, 0,0,0,0,0,0
CAM02,2018-03-31T02:14:01.9461007Z,7,170,100,0,1,UNDETERMINED,0,0, 0,0,0,0,0,0
CAM10,2018-03-31T02:14:03.4929664Z,134,95,8,0,0,UNDETERMINED,3,0, 0,0,0,0,0,0
CAM15,2018-03-31T02:14:01.9461007Z,9,252,100,0,0,UNDETERMINED,0,0, 0,0,0,0,0,0
CAM5,2018-03-31T02:14:03.4929664Z,27,1966,11,0,0,UNDETERMINED,0,4, 0,0,0,0,0,0
CAM15,2018-03-31T02:14:01.9461007Z,6,244,100,0,0,UNDETERMINED,0,0, 0,0,0,0,0,0
CAM13,2018-03-31T02:14:03.4929664Z,280,127,26,7,13,UNDETERMINED,228,296, 8,2,2,1,0,3
CAM10,2018-03-31T02:14:01.9461007Z,111,88,8,0,0,UNDETERMINED,3,0, 0,0,0,0,0,0
CAM13,2018-03-31T02:14:03.4929664Z,185,51,29,53,0,heading: <-,228,297, 13,3,2,0,0,8
CAM11,2018-03-31T02:14:02.4617368Z,7,26,8,0,0,UNDETERMINED,0,0, 0,0,0,0,0,0
CAM03,2018-03-31T02:14:03.4929664Z,4,3603,100,0,18,UNDETERMINED,0,0, 0,0,0,0,0,0
CAM10,2018-03-31T02:14:02.4617368Z,94,90,8,0,0,UNDETERMINED,3,0, 0,0,0,0,0,0
CAM15,2018-03-31T02:14:03.4929664Z,7,234,100,0,0,UNDETERMINED,0,0, 0,0,0,0,0,0
CAM10,2018-03-31T02:14:02.4617368Z,112,86,8,0,0,UNDETERMINED,3,0, 0,0,0,0,0,0
CAM15,2018-03-31T02:14:04.0085912Z,7,254,100,0,0,UNDETERMINED,0,0, 0,0,0,0,0,0
CAM07,2018-03-31T02:14:02.4617368Z,49,270,15,0,3,UNDETERMINED,0,0, 0,0,0,0,0,0
CAM14,2018-03-31T02:14:04.0085912Z,84,777,69,52,3,UNDETERMINED,1,0, 0,0,0,0,0,0
CAM13,2018-03-31T02:14:02.4617368Z,369,117,22,40,12,heading: <-,228,298, 6,2,0,1,1,2
CAM10,2018-03-31T02:14:04.0085912Z,136,104,8,0,0,UNDETERMINED,3,0, 0,0,0,0,0,0
CAM03,2018-03-31T02:14:02.4617368Z,3,3284,100,0,18,UNDETERMINED,0,0, 0,0,0,0,0,0
CAM14,2018-03-31T02:14:04.0085912Z,102,927,58,60,0,UNDETERMINED,1,0, 1,0,0,0,0,1
CAM07,2018-03-31T02:14:02.9773372Z,60,301,15,0,3,UNDETERMINED,0,0, 0,0,0,0,0,0
CAM02,2018-03-31T02:14:04.0085912Z,5,174,100,0,1,UNDETERMINED,0,0, 0,0,0,0,0,0
CAM10,2018-03-31T02:14:02.9773372Z,105,93,8,0,0,UNDETERMINED,3,0, 0,0,0,0,0,0
CAM5,2018-03-31T02:14:04.0085912Z,27,2642,17,0,0,UNDETERMINED,0,4, 0,0,0,0,0,0
CAM10,2018-03-31T02:14:02.9773372Z,111,87,8,0,0,UNDETERMINED,3,0, 0,0,0,0,0,0
CAM06,2018-03-31T02:14:04.5242478Z,258,77,56,23,26,UNDETERMINED,216,174, 4,0,1,1,1,1
CAM02,2018-03-31T02:14:02.9773372Z,10,175,99,0,1,UNDETERMINED,0,0, 0,0,0,0,0,0
CAM13,2018-03-31T02:14:04.5242478Z,225,62,24,28,2,heading: v,229,298, 16,2,2,2,3,7
CAM13,2018-03-31T02:14:04.5242478Z,254,84,22,27,4,heading: <-,230,298, 16,4,3,2,3,4
CAM14,2018-03-31T02:14:02.9773372Z,126,1120,48,16,12,UNDETERMINED,1,0, 2,0,0,0,0,2
CAM06,2018-03-31T02:14:04.5242478Z,234,76,55,44,17,heading: ->,217,174, 7,0,1,0,0,6
CAM10,2018-03-31T02:14:03.4929664Z,113,96,8,0,0,UNDETERMINED,3,0, 0,0,0,0,0,0
CAM15,2018-03-31T02:14:04.5242478Z,8,243,100,0,0,UNDETERMINED,0,0, 0,0,0,0,0,0
CAM07,2018-03-31T02:14:03.4929664Z,51,269,15,0,3,UNDETERMINED,0,0, 0,0,0,0,0,0
CAM03,2018-03-31T02:14:04.5242478Z,3,3246,100,0,18,UNDETERMINED,0,0, 0,0,0,0,0,0
CAM13,2018-03-31T02:14:03.4929664Z,311,99,24,21,9,UNDETERMINED,231,300, 14,1,0,2,2,9
CAM15,2018-03-31T02:14:03.4929664Z,6,244,100,0,0,UNDETERMINED,0,0, 0,0,0,0,0,0
CAM5,2018-03-31T02:14:05.0398425Z,23,2109,10,0,0,UNDETERMINED,0,4, 0,0,0,0,0,0
CAM5,2018-03-31T02:14:03.4929664Z,35,3508,11,0,0,UNDETERMINED,0,4, 0,0,0,0,0,0
CAM02,2018-03-31T02:14:05.0398425Z,9,177,100,0,1,UNDETERMINED,0,0, 0,0,0,0,0,0
CAM02,2018-03-31T02:14:03.4929664Z,10,186,100,0,1,UNDETERMINED,0,0, 0,0,0,0,0,0
CAM10,2018-03-31T02:14:05.0398425Z,126,88,8,0,0,UNDETERMINED,3,0, 0,0,0,0,0,0
CAM13,2018-03-31T02:14:04.0085912Z,205,74,24,22,4,heading: v,233,302, 12,2,1,1,3,5
CAM15,2018-03-31T02:14:05.0398425Z,4,210,100,0,0,UNDETERMINED,0,0, 0,0,0,0,0,0
CAM11,2018-03-31T02:14:04.0085912Z,7,28,8,0,0,UNDETERMINED,0,0, 0,0,0,0,0,0
CAM03,2018-03-31T02:14:05.0398425Z,3,3579,100,0,18,UNDETERMINED,0,0, 0,0,0,0,0,0
CAM15,2018-03-31T02:14:04.0085912Z,7,225,100,0,0,UNDETERMINED,0,0, 0,0,0,0,0,0
CAM10,2018-03-31T02:14:05.5398497Z,133,93,7,0,0,UNDETERMINED,3,0, 0,0,0,0,0,0
CAM15,2018-03-31T02:14:05.5398497Z,8,225,100,0,0,UNDETERMINED,0,0, 0,0,0,0,0,0
CAM14,2018-03-31T02:14:04.0085912Z,90,920,56,43,3,UNDETERMINED,1,0, 0,0,0,0,0,0
CAM02,2018-03-31T02:14:05.5398497Z,9,178,99,0,1,UNDETERMINED,0,0, 0,0,0,0,0,0
CAM13,2018-03-31T02:14:04.0085912Z,256,90,23,28,10,heading: ^,234,302, 15,2,3,6,0,4
CAM07,2018-03-31T02:14:05.5398497Z,56,269,15,0,3,UNDETERMINED,0,0, 0,0,0,0,0,0
CAM10,2018-03-31T02:14:04.5242478Z,129,95,7,0,0,UNDETERMINED,3,0, 0,0,0,0,0,0
CAM5,2018-03-31T02:14:05.5398497Z,28,1542,12,0,0,UNDETERMINED,0,5, 0,0,0,0,0,0
CAM5,2018-03-31T02:14:04.5242478Z,21,1571,13,0,0,UNDETERMINED,0,5, 0,0,0,0,0,0
CAM11,2018-03-31T02:14:04.5242478Z,5,27,7,0,0,UNDETERMINED,0,0, 0,0,0,0,0,0
CAM13,2018-03-31T02:14:06.0554785Z,267,83,25,39,7,heading: ^,251,325, 9,0,0,3,1,5
CAM15,2018-03-31T02:14:04.5242478Z,6,205,100,0,0,UNDETERMINED,0,0, 0,0,0,0,0,0
CAM10,2018-03-31T02:14:06.0554785Z,95,68,8,0,0,UNDETERMINED,3,0, 0,0,0,0,0,0
CAM15,2018-03-31T02:14:04.5242478Z,7,206,100,0,0,UNDETERMINED,0,0, 0,0,0,0,0,0
CAM11,2018-03-31T02:14:06.0554785Z,12,71,6,0,0,UNDETERMINED,0,0, 0,0,0,0,0,0
CAM15,2018-03-31T02:14:05.0398425Z,7,218,100,0,0,UNDETERMINED,0,0, 0,0,0,0,0,0
CAM06,2018-03-31T02:14:06.0554785Z,184,79,61,15,13,UNDETERMINED,231,189, 7,0,0,0,0,7
CAM11,2018-03-31T02:14:05.0398425Z,8,40,7,0,0,UNDETERMINED,0,0, 0,0,0,0,0,0
CAM07,2018-03-31T02:14:06.0554785Z,53,316,16,0,3,UNDETERMINED,0,0, 0,0,0,0,0,0
CAM14,2018-03-31T02:14:06.0554785Z,102,956,57,3,5,UNDETERMINED,1,0, 1,0,0,0,0,1
CAM13,2018-03-31T02:14:05.0398425Z,223,65,26,31,5,UNDETERMINED,252,327, 10,0,1,1,0,8
CAM02,2018-03-31T02:14:06.5711156Z,9,182,100,0,1,UNDETERMINED,0,0, 0,0,0,0,0,0
CAM13,2018-03-31T02:14:05.0398425Z,295,101,26,41,12,UNDETERMINED,252,327, 10,1,0,1,1,7
CAM06,2018-03-31T02:14:05.0398425Z,222,76,56,36,21,UNDETERMINED,232,190, 6,1,0,1,0,4
CAM14,2018-03-31T02:14:06.5711156Z,180,1420,45,46,23,UNDETERMINED,1,0, 3,0,0,0,0,3
CAM07,2018-03-31T02:14:05.5398497Z,49,254,16,0,3,UNDETERMINED,0,0, 0,0,0,0,0,0
CAM14,2018-03-31T02:14:06.5711156Z,121,1022,64,45,3,UNDETERMINED,1,0, 2,0,0,0,0,2
CAM13,2018-03-31T02:14:05.5398497Z,187,47,28,46,1,UNDETERMINED,255,332, 16,3,3,3,0,7
CAM5,2018-03-31T02:14:06.5711156Z,18,1928,10,0,0,UNDETERMINED,0,5, 0,0,0,0,0,0
CAM03,2018-03-31T02:14:06.5711156Z,3,3809,100,0,18,UNDETERMINED,0,0, 0,0,0,0,0,0
CAM02,2018-03-31T02:14:05.5398497Z,8,176,99,0,1,UNDETERMINED,0,0, 0,0,0,0,0,0
CAM07,2018-03-31T02:14:05.5398497Z,53,272,15,0,3,UNDETERMINED,0,0, 0,0,0,0,0,0
CAM14,2018-03-31T02:14:07.0867497Z,121,1124,54,47,7,UNDETERMINED,1,0, 1,0,0,0,0,1
CAM06,2018-03-31T02:14:05.5398497Z,282,73,51,12,28,UNDETERMINED,232,190, 3,1,0,1,0,1
CAM02,2018-03-31T02:14:07.0867497Z,3,178,100,0,1,UNDETERMINED,0,0, 0,0,0,0,0,0
CAM10,2018-03-31T02:14:05.5398497Z,133,93,7,0,0,UNDETERMINED,3,0, 0,0,0,0,0,0
CAM5,2018-03-31T02:14:07.0867497Z,18,1578,10,0,0,UNDETERMINED,0,5, 0,0,0,0,0,0
CAM06,2018-03-31T02:14:06.0554785Z,246,74,54,31,13,heading: ^,232,191, 7,1,0,2,0,4
CAM03,2018-03-31T02:14:07.0867497Z,3,3523,100,0,18,UNDETERMINED,0,0, 0,0,0,0,0,0
CAM03,2018-03-31T02:14:06.0554785Z,2,3795,100,0,18,UNDETERMINED,0,0, 0,0,0,0,0,0
CAM15,2018-03-31T02:14:07.0867497Z,10,219,100,0,0,UNDETERMINED,0,0, 0,0,0,0,0,0
CAM03,2018-03-31T02:14:06.0554785Z,3,3368,100,0,18,UNDETERMINED,0,0, 0,0,0,0,0,0
CAM10,2018-03-31T02:14:07.0867497Z,134,105,7,0,0,UNDETERMINED,3,0, 0,0,0,0,0,0
CAM14,2018-03-31T02:14:06.0554785Z,101,991,53,87,3,UNDETERMINED,1,0, 0,0,0,0,0,0
CAM15,2018-03-31T02:14:07.5867697Z,7,211,100,0,0,UNDETERMINED,0,0, 0,0,0,0,0,0
CAM13,2018-03-31T02:14:07.5867697Z,276,96,26,18,10,heading: <-,252,330, 10,3,0,1,0,6
CAM02,2018-03-31T02:14:07.5867697Z,11,184,99,0,1,UNDETERMINED,0,0, 0,0,0,0,0,0
CAM15,2018-03-31T02:14:06.0554785Z,6,196,100,0,0,UNDETERMINED,0,0, 0,0,0,0,0,0
CAM06,2018-03-31T02:14:07.5867697Z,188,84,66,20,37,UNDETERMINED,232,191, 6,1,0,1,0,4
CAM11,2018-03-31T02:14:06.0554785Z,6,29,7,0,0,UNDETERMINED,0,0, 0,0,0,0,0,0
CAM14,2018-03-31T02:14:06.0554785Z,114,1097,54,49,9,UNDETERMINED,2,0, 2,0,0,0,0,2
CAM10,2018-03-31T02:14:07.5867697Z,122,98,7,0,0,UNDETERMINED,3,0, 0,0,0,0,0,0
CAM06,2018-03-31T02:14:06.0554785Z,223,81,62,25,37,heading: ^,232,191, 7,1,0,2,0,4
CAM14,2018-03-31T02:14:08.1023779Z,142,1117,62,11,4,UNDETERMINED,1,0, 1,0,0,0,0,1
CAM03,2018-03-31T02:14:06.0554785Z,4,3523,100,0,18,UNDETERMINED,0,0, 0,0,0,0,0,0
CAM13,2018-03-31T02:14:08.1023779Z,179,52,28,45,2,heading: ^,258,335, 15,1,2,4,0,8
CAM14,2018-03-31T02:14:06.0554785Z,73,663,79,72,1,UNDETERMINED,2,0, 2,0,0,0,0,2
CAM07,2018-03-31T02:14:08.1023779Z,49,282,16,0,3,UNDETERMINED,0,0, 0,0,0,0,0,0
CAM11,2018-03-31T02:14:06.5711156Z,6,25,6,0,0,UNDETERMINED,0,0, 0,0,0,0,0,0
CAM15,2018-03-31T02:14:08.1023779Z,6,199,100,0,0,UNDETERMINED,0,0, 0,0,0,0,0,0
CAM10,2018-03-31T02:14:06.5711156Z,122,91,8,0,0,UNDETERMINED,3,0, 0,0,0,0,0,0
CAM10,2018-03-31T02:14:08.1023779Z,106,95,7,0,0,UNDETERMINED,3,0, 0,0,0,0,0,0
CAM03,2018-03-31T02:14:06.5711156Z,4,3415,100,0,18,UNDETERMINED,0,0, 0,0,0,0,0,0
CAM11,2018-03-31T02:14:08.1023779Z,6,24,8,0,0,UNDETERMINED,0,0, 0,0,0,0,0,0
CAM15,2018-03-31T02:14:06.5711156Z,7,199,100,0,0,UNDETERMINED,0,0, 0,0,0,0,0,0
CAM02,2018-03-31T02:14:08.6180347Z,6,179,99,0,1,UNDETERMINED,0,0, 0,0,0,0,0,0
CAM5,2018-03-31T02:14:08.6180347Z,17,1709,10,0,0,UNDETERMINED,0,5, 0,0,0,0,0,0
CAM07,2018-03-31T02:14:06.5711156Z,42,291,16,0,3,UNDETERMINED,0,0, 0,0,0,0,0,0
CAM13,2018-03-31T02:14:08.6180347Z,298,90,22,6,9,heading: ->,260,335, 14,1,4,3,0,6
CAM13,2018-03-31T02:14:07.0867497Z,261,91,24,16,11,UNDETERMINED,260,335, 14,4,4,2,1,3
CAM10,2018-03-31T02:14:08.6180347Z,128,92,8,0,0,UNDETERMINED,3,0, 0,0,0,0,0,0
CAM02,2018-03-31T02:14:07.0867497Z,4,182,99,0,1,UNDETERMINED,0,0, 0,0,0,0,0,0
CAM03,2018-03-31T02:14:08.6180347Z,3,3434,100,0,18,UNDETERMINED,0,0, 0,0,0,0,0,0
CAM13,2018-03-31T02:14:07.0867497Z,269,89,24,13,8,UNDETERMINED,261,335, 12,1,3,3,0,5
CAM03,2018-03-31T02:14:08.6180347Z,3,3617,100,0,18,UNDETERMINED,0,0, 0,0,0,0,0,0
CAM10,2018-03-31T02:14:09.1179976Z,135,104,8,0,0,UNDETERMINED,3,0, 0,0,0,0,0,0
CAM13,2018-03-31T02:14:07.0867497Z,240,102,28,4,13,heading: ^,261,335, 12,1,1,2,1,7
CAM15,2018-03-31T02:14:09.1179976Z,6,195,100,0,0,UNDETERMINED,0,0, 0,0,0,0,0,0
CAM07,2018-03-31T02:14:09.1179976Z,52,244,16,0,3,UNDETERMINED,0,0, 0,0,0,0,0,0
CAM13,2018-03-31T02:14:07.5867697Z,284,93,26,35,7,heading: ->,261,336, 9,1,3,2,0,3
CAM10,2018-03-31T02:14:09.1179976Z,124,90,7,0,0,UNDETERMINED,3,0, 0,0,0,0,0,0
CAM5,2018-03-31T02:14:07.5867697Z,45,4729,11,0,0,UNDETERMINED,0,5, 0,0,0,0,0,0
CAM14,2018-03-31T02:14:09.1179976Z,89,736,71,31,0,UNDETERMINED,1,0, 3,0,0,0,0,3
CAM14,2018-03-31T02:14:07.5867697Z,143,1139,57,85,7,UNDETERMINED,1,0, 2,0,0,0,0,2
CAM15,2018-03-31T02:14:09.1179976Z,6,195,100,0,0,UNDETERMINED,0,0, 0,0,0,0,0,0
CAM06,2018-03-31T02:14:07.5867697Z,200,81,63,75,40,UNDETERMINED,234,194, 4,0,0,0,0,4
CAM07,2018-03-31T02:14:09.6180116Z,47,246,16,0,3,UNDETERMINED,0,0, 0,0,0,0,0,0
CAM06,2018-03-31T02:14:07.5867697Z,275,73,53,41,34,UNDETERMINED,234,194, 4,0,0,0,0,4
CAM07,2018-03-31T02:14:09.6180116Z,48,275,15,0,3,UNDETERMINED,0,0, 0,0,0,0,0,0
CAM06,2018-03-31T02:14:07.5867697Z,239,76,57,34,26,UNDETERMINED,234,194, 7,1,0,0,1,5
CAM15,2018-03-31T02:14:09.6180116Z,6,194,100,0,0,UNDETERMINED,0,0, 0,0,0,0,0,0
CAM11,2018-03-31T02:14:08.1023779Z,6,44,8,0,0,UNDETERMINED,0,0, 0,0,0,0,0,0
CAM15,2018-03-31T02:14:09.6180116Z,6,205,100,0,0,UNDETERMINED,0,0, 0,0,0,0,0,0
CAM11,2018-03-31T02:14:09.6180116Z,5,25,7,0,0,UNDETERMINED,0,0, 0,0,0,0,0,0
CAM14,2018-03-31T02:14:08.1023779Z,69,637,78,65,0,UNDETERMINED,2,0, 1,0,0,0,0,1
CAM10,2018-03-31T02:14:09.6180116Z,106,74,8,0,0,UNDETERMINED,3,0, 0,0,0,0,0,0
CAM07,2018-03-31T02:14:08.1023779Z,49,258,16,0,3,UNDETERMINED,0,0, 0,0,0,0,0,0
CAM15,2018-03-31T02:14:10.1180132Z,6,197,100,0,0,UNDETERMINED,0,0, 0,0,0,0,0,0
CAM14,2018-03-31T02:14:08.1023779Z,120,1031,55,38,5,UNDETERMINED,2,0, 2,0,0,0,0,2
CAM5,2018-03-31T02:14:10.1180132Z,20,1472,17,0,0,UNDETERMINED,0,5, 0,0,0,0,0,0
CAM10,2018-03-31T02:14:08.1023779Z,108,80,8,0,0,UNDETERMINED,3,0, 0,0,0,0,0,0
CAM03,2018-03-31T02:14:08.6180347Z,2,3340,100,0,18,UNDETERMINED,0,0, 0,0,0,0,0,0
CAM13,2018-03-31T02:14:10.1180132Z,293,101,24,42,7,heading: ^,261,343, 11,2,0,4,0,5
CAM06,2018-03-31T02:14:08.6180347Z,238,77,57,43,24,heading: v,235,194, 3,0,0,0,1,2
CAM11,2018-03-31T02:14:10.1180132Z,5,30,8,0,0,UNDETERMINED,0,0, 0,0,0,0,0,0
CAM02,2018-03-31T02:14:08.6180347Z,6,180,99,0,1,UNDETERMINED,0,0, 0,0,0,0,0,0
CAM5,2018-03-31T02:14:10.1180132Z,9,632,13,0,0,UNDETERMINED,0,5, 0,0,0,0,0,0
CAM15,2018-03-31T02:14:08.6180347Z,7,193,100,0,0,UNDETERMINED,0,0, 0,0,0,0,0,0
CAM02,2018-03-31T02:14:10.6337358Z,8,181,99,0,1,UNDETERMINED,0,0, 0,0,0,0,0,0
CAM11,2018-03-31T02:14:08.6180347Z,6,27,7,0,0,UNDETERMINED,0,0, 0,0,0,0,0,0
CAM5,2018-03-31T02:14:10.6337358Z,18,1530,11,0,0,UNDETERMINED,0,5, 0,0,0,0,0,0
CAM06,2018-03-31T02:14:08.6180347Z,204,80,60,29,27,heading: ^,237,195, 8,1,1,3,0,3
CAM07,2018-03-31T02:14:10.6337358Z,45,235,15,0,3,UNDETERMINED,0,0, 0,0,0,0,0,0
CAM03,2018-03-31T02:14:10.6337358Z,4,3406,100,0,18,UNDETERMINED,0,0, 0,0,0,0,0,0
CAM11,2018-03-31T02:14:09.1179976Z,4,24,7,0,0,UNDETERMINED,0,0, 0,0,0,0,0,0
CAM10,2018-03-31T02:14:10.6337358Z,118,85,8,0,0,UNDETERMINED,3,0, 0,0,0,0,0,0
CAM07,2018-03-31T02:14:09.1179976Z,47,257,15,0,3,UNDETERMINED,0,0, 0,0,0,0,0,0
CAM14,2018-03-31T02:14:10.6337358Z,128,1093,48,41,13,UNDETERMINED,2,0, 0,0,0,0,0,0
CAM11,2018-03-31T02:14:09.1179976Z,5,26,8,0,0,UNDETERMINED,0,0, 0,0,0,0,0,0
CAM11,2018-03-31T02:14:11.1493806Z,4,27,7,0,0,UNDETERMINED,0,0, 0,0,0,0,0,0
CAM07,2018-03-31T02:14:09.1179976Z,49,283,15,0,3,UNDETERMINED,0,0, 0,0,0,0,0,0
CAM5,2018-03-31T02:14:09.1179976Z,13,1210,11,0,0,UNDETERMINED,0,5, 0,0,0,0,0,0
CAM14,2018-03-31T02:14:11.1493806Z,71,887,64,2,2,UNDETERMINED,2,0, 1,0,0,0,0,1
CAM03,2018-03-31T02:14:09.6180116Z,3,3368,100,0,18,UNDETERMINED,0,0, 0,0,0,0,0,0
CAM13,2018-03-31T02:14:11.1493806Z,304,134,24,50,15,heading: <-,262,348, 9,3,1,2,1,2
CAM07,2018-03-31T02:14:09.6180116Z,54,237,16,0,3,UNDETERMINED,0,0, 0,0,0,0,0,0
CAM13,2018-03-31T02:14:11.1493806Z,218,64,26,57,1,heading: <-,262,349, 16,4,2,2,0,8
CAM06,2018-03-31T02:14:09.6180116Z,208,80,62,25,10,UNDETERMINED,237,196, 6,1,0,1,0,4
CAM13,2018-03-31T02:14:11.1493806Z,182,63,33,51,0,UNDETERMINED,262,349, 9,2,1,2,1,3
CAM10,2018-03-31T02:14:09.6180116Z,122,92,8,0,0,UNDETERMINED,3,0, 0,0,0,0,0,0
CAM07,2018-03-31T02:14:11.6650109Z,46,263,16,0,3,UNDETERMINED,0,0, 0,0,0,0,0,0
CAM03,2018-03-31T02:14:09.6180116Z,2,3457,100,0,18,UNDETERMINED,0,0, 0,0,0,0,0,0
CAM06,2018-03-31T02:14:11.6650109Z,203,79,60,32,20,heading: <-,237,196, 7,2,1,0,0,4
CAM15,2018-03-31T02:14:09.6180116Z,7,198,100,0,0,UNDETERMINED,0,0, 0,0,0,0,0,0
CAM07,2018-03-31T02:14:11.6650109Z,57,289,16,0,3,UNDETERMINED,0,0, 0,0,0,0,0,0
CAM13,2018-03-31T02:14:10.1180132Z,209,54,27,22,1,heading: <-,262,349, 10,3,1,2,0,4
CAM14,2018-03-31T02:14:11.6650109Z,122,1112,48,2,10,UNDETERMINED,2,0, 1,0,0,0,0,1
CAM07,2018-03-31T02:14:10.1180132Z,59,297,15,0,3,UNDETERMINED,0,0, 0,0,0,0,0,0
CAM06,2018-03-31T02:14:11.6650109Z,233,78,58,16,13,heading: ^,239,197, 8,0,1,2,1,4
CAM14,2018-03-31T02:14:10.1180132Z,114,1010,52,44,7,UNDETERMINED,2,0, 2,0,0,0,0,2
CAM06,2018-03-31T02:14:11.6650109Z,278,73,52,15,33,heading: ->,241,198, 9,1,4,0,0,4
CAM11,2018-03-31T02:14:10.1180132Z,8,42,8,0,0,UNDETERMINED,0,0, 0,0,0,0,0,0
CAM15,2018-03-31T02:14:12.1806372Z,7,194,100,0,0,UNDETERMINED,0,0, 0,0,0,0,0,0
CAM10,2018-03-31T02:14:10.1180132Z,108,76,8,0,0,UNDETERMINED,3,0, 0,0,0,0,0,0
CAM07,2018-03-31T02:14:12.1806372Z,52,264,15,0,3,UNDETERMINED,0,0, 0,0,0,0,0,0
CAM15,2018-03-31T02:14:10.1180132Z,7,193,100,0,0,UNDETERMINED,0,0, 0,0,0,0,0,0
CAM03,2018-03-31T02:14:10.6337358Z,2,3635,100,0,17,UNDETERMINED,0,0, 0,0,0,0,0,0
CAM10,2018-03-31T02:14:12.1806372Z,100,73,8,0,0,UNDETERMINED,3,0, 0,0,0,0,0,0
CAM03,2018-03-31T02:14:10.6337358Z,4,4010,100,0,18,UNDETERMINED,0,0, 0,0,0,0,0,0
CAM13,2018-03-31T02:14:12.1806372Z,285,142,29,47,18,heading: ^,262,350, 9,1,0,2,1,5
CAM5,2018-03-31T02:14:10.6337358Z,0,100,100,0,0,UNDETERMINED,0,5, 0,0,0,0,0,0
CAM13,2018-03-31T02:14:12.1806372Z,291,128,27,45,14,heading: ^,262,350, 5,1,1,3,0,0
CAM02,2018-03-31T02:14:10.6337358Z,14,173,99,0,1,UNDETERMINED,0,0, 0,0,0,0,0,0
CAM06,2018-03-31T02:14:12.9794131Z,311,72,50,39,31,heading: ^,241,199, 5,1,0,2,0,2
CAM10,2018-03-31T02:14:10.6337358Z,111,83,8,0,0,UNDETERMINED,3,0, 0,0,0,0,0,0
CAM13,2018-03-31T02:14:12.9794131Z,192,59,29,34,1,heading: ->,262,350, 8,1,2,1,1,3
CAM03,2018-03-31T02:14:12.9794131Z,3,3368,100,0,18,UNDETERMINED,0,0, 0,0,0,0,0,0
CAM10,2018-03-31T02:14:11.1493806Z,115,79,8,0,0,UNDETERMINED,3,0, 0,0,0,0,0,0
CAM10,2018-03-31T02:14:12.9794131Z,97,67,8,0,0,UNDETERMINED,3,0, 0,0,0,0,0,0
CAM07,2018-03-31T02:14:11.1493806Z,48,286,15,0,3,UNDETERMINED,0,0, 0,0,0,0,0,0
CAM14,2018-03-31T02:14:12.9794131Z,81,654,69,4,0,UNDETERMINED,2,0, 2,0,0,0,0,2
CAM13,2018-03-31T02:14:11.1493806Z,315,121,25,49,14,UNDETERMINED,262,350, 8,2,2,1,1,2
CAM07,2018-03-31T02:14:12.9794131Z,58,291,15,0,3,UNDETERMINED,0,0, 0,0,0,0,0,0
CAM02,2018-03-31T02:14:11.1493806Z,5,176,100,0,1,UNDETERMINED,0,0, 0,0,0,0,0,0
CAM06,2018-03-31T02:14:11.1493806Z,295,73,51,42,29,UNDETERMINED,241,199, 8,1,0,1,1,5
CAM14,2018-03-31T02:14:12.9794131Z,132,1134,47,1,12,UNDETERMINED,2,0, 1,0,0,0,0,1
CAM15,2018-03-31T02:14:11.1493806Z,6,196,100,0,0,UNDETERMINED,0,0, 0,0,0,0,0,0
CAM10,2018-03-31T02:14:12.9794131Z,90,70,8,0,0,UNDETERMINED,3,0, 0,0,0,0,0,0
CAM10,2018-03-31T02:14:11.6650109Z,110,74,8,0,0,UNDETERMINED,3,0, 0,0,0,0,0,0
CAM15,2018-03-31T02:14:12.9794131Z,8,206,100,0,0,UNDETERMINED,0,0, 0,0,0,0,0,0
CAM06,2018-03-31T02:14:11.6650109Z,286,74,51,37,29,UNDETERMINED,242,199, 6,1,1,0,1,3
CAM03,2018-03-31T02:14:12.9794131Z,3,3837,100,0,18,UNDETERMINED,0,0, 0,0,0,0,0,0
CAM10,2018-03-31T02:14:11.6650109Z,95,75,8,0,0,UNDETERMINED,3,0, 0,0,0,0,0,0
CAM06,2018-03-31T02:14:12.9794131Z,252,75,53,33,17,heading: ->,244,199, 7,0,2,0,1,4
CAM06,2018-03-31T02:14:11.6650109Z,214,78,57,26,16,UNDETERMINED,244,199, 6,0,1,1,0,4
CAM03,2018-03-31T02:14:13.5575248Z,3,3903,100,0,18,UNDETERMINED,0,0, 0,0,0,0,0,0
CAM15,2018-03-31T02:14:13.5575248Z,6,194,100,0,0,UNDETERMINED,0,0, 0,0,0,0,0,0
CAM14,2018-03-31T02:14:11.6650109Z,104,812,73,41,0,UNDETERMINED,2,0, 0,0,0,0,0,0
CAM07,2018-03-31T02:14:13.5575248Z,53,323,15,0,3,UNDETERMINED,0,0, 0,0,0,0,0,0
CAM14,2018-03-31T02:14:12.1806372Z,131,1071,66,12,2,UNDETERMINED,2,0, 3,0,0,0,0,3
CAM13,2018-03-31T02:14:13.5575248Z,284,135,28,42,14,heading: ^,264,355, 6,0,1,4,0,1
CAM07,2018-03-31T02:14:12.1806372Z,55,307,15,0,3,UNDETERMINED,0,0, 0,0,0,0,0,0
CAM13,2018-03-31T02:14:13.5575248Z,197,62,29,59,0,heading: ^,264,355, 4,0,1,2,0,1
CAM5,2018-03-31T02:14:12.1806372Z,1,162,100,0,0,heading: ^,0,5, 2,0,0,1,0,1
CAM11,2018-03-31T02:14:12.1806372Z,6,25,8,0,0,UNDETERMINED,0,0, 0,0,0,0,0,0
CAM07,2018-03-31T02:14:13.5745154Z,46,285,15,0,3,UNDETERMINED,0,0, 0,0,0,0,0,0
CAM15,2018-03-31T02:14:12.1806372Z,7,211,100,0,0,UNDETERMINED,0,0, 0,0,0,0,0,0
CAM02,2018-03-31T02:14:13.5745154Z,8,184,100,0,1,UNDETERMINED,0,0, 0,0,0,0,0,0
CAM03,2018-03-31T02:14:12.1806372Z,3,4212,100,0,18,UNDETERMINED,0,0, 0,0,0,0,0,0
CAM11,2018-03-31T02:14:13.5745154Z,4,26,7,0,0,UNDETERMINED,0,0, 0,0,0,0,0,0
CAM5,2018-03-31T02:14:12.9325194Z,10,401,13,0,0,UNDETERMINED,0,5, 0,0,0,0,0,0
CAM13,2018-03-31T02:14:13.5745154Z,264,93,28,43,11,heading: ^,276,379, 11,1,0,3,0,7
CAM10,2018-03-31T02:14:13.5745154Z,103,79,8,0,0,UNDETERMINED,3,0, 0,0,0,0,0,0
CAM06,2018-03-31T02:14:12.9325194Z,223,78,59,34,22,UNDETERMINED,259,212, 7,1,1,0,0,5
CAM13,2018-03-31T02:14:13.5745154Z,226,52,26,18,3,heading: ->,276,379, 6,0,3,0,0,3
CAM14,2018-03-31T02:14:13.5745154Z,104,898,61,63,1,UNDETERMINED,2,0, 1,0,0,0,0,1
CAM06,2018-03-31T02:14:12.9325194Z,219,74,54,25,17,UNDETERMINED,259,214, 4,1,0,1,0,2
CAM07,2018-03-31T02:14:13.5745154Z,44,254,15,0,3,UNDETERMINED,0,0, 0,0,0,0,0,0
CAM15,2018-03-31T02:14:12.9325194Z,6,211,100,0,0,UNDETERMINED,0,0, 0,0,0,0,0,0
CAM02,2018-03-31T02:14:13.5443126Z,8,172,99,0,1,UNDETERMINED,0,0, 0,0,0,0,0,0
CAM5,2018-03-31T02:14:13.5745154Z,2,148,100,0,0,UNDETERMINED,0,5, 0,0,0,0,0,0
CAM15,2018-03-31T02:14:13.5443126Z,7,206,100,0,0,UNDETERMINED,0,0, 0,0,0,0,0,0
CAM14,2018-03-31T02:14:13.5745154Z,97,1000,59,43,7,UNDETERMINED,2,0, 0,0,0,0,0,0
CAM15,2018-03-31T02:14:13.5443126Z,7,203,100,0,0,UNDETERMINED,0,0, 0,0,0,0,0,0
CAM13,2018-03-31T02:14:13.5745154Z,194,51,27,3,2,heading: <-,276,380, 7,2,0,0,0,5
CAM11,2018-03-31T02:14:13.5443126Z,5,29,7,0,0,UNDETERMINED,0,0, 0,0,0,0,0,0
CAM13,2018-03-31T02:14:14.1044308Z,271,91,26,43,11,heading: <-,276,382, 6,3,0,0,0,3
CAM02,2018-03-31T02:14:13.5443126Z,9,171,100,0,1,UNDETERMINED,0,0, 0,0,0,0,0,0
CAM15,2018-03-31T02:14:14.1044308Z,7,202,100,0,0,UNDETERMINED,0,0, 0,0,0,0,0,0
CAM14,2018-03-31T02:14:13.5443126Z,106,959,63,90,1,UNDETERMINED,2,0, 0,0,0,0,0,0
CAM15,2018-03-31T02:14:14.1044308Z,7,195,100,0,0,UNDETERMINED,0,0, 0,0,0,0,0,0
CAM15,2018-03-31T02:14:14.1044308Z,6,200,100,0,0,UNDETERMINED,0,0, 0,0,0,0,0,0
CAM11,2018-03-31T02:14:14.0887889Z,6,28,6,0,0,UNDETERMINED,0,0, 0,0,0,0,0,0
CAM07,2018-03-31T02:14:14.1044308Z,44,271,16,0,3,UNDETERMINED,0,0, 0,0,0,0,0,0
CAM10,2018-03-31T02:14:14.0887889Z,86,62,8,0,0,UNDETERMINED,3,0, 2,0,0,0,0,2
CAM06,2018-03-31T02:14:14.0887889Z,249,72,52,54,24,UNDETERMINED,260,214, 7,0,1,0,1,5
CAM07,2018-03-31T02:14:14.1512855Z,52,291,16,0,3,UNDETERMINED,0,0, 0,0,0,0,0,0
CAM14,2018-03-31T02:14:14.1512855Z,109,1015,57,64,5,UNDETERMINED,2,0, 0,0,0,0,0,0
CAM10,2018-03-31T02:14:14.1044308Z,185,135,7,1,0,UNDETERMINED,3,0, 0,0,0,0,0,0
CAM5,2018-03-31T02:14:14.1512855Z,6,194,48,17,0,heading: v,0,5, 2,0,0,0,1,1
CAM15,2018-03-31T02:14:14.1044308Z,7,197,100,0,0,UNDETERMINED,0,0, 0,0,0,0,0,0
CAM15,2018-03-31T02:14:14.1512855Z,11,231,100,0,0,UNDETERMINED,0,0, 0,0,0,0,0,0
CAM5,2018-03-31T02:14:14.1044308Z,1,165,100,21,0,UNDETERMINED,0,5, 1,0,0,0,0,1
CAM11,2018-03-31T02:14:14.1512855Z,4,25,7,0,0,UNDETERMINED,0,0, 0,0,0,0,0,0
CAM07,2018-03-31T02:14:14.1044308Z,59,354,15,0,3,UNDETERMINED,0,0, 0,0,0,0,0,0
CAM10,2018-03-31T02:14:14.6825377Z,81,59,8,5,0,UNDETERMINED,3,0, 2,0,0,0,0,2
CAM10,2018-03-31T02:14:14.1044308Z,100,67,9,0,0,UNDETERMINED,3,0, 2,0,0,0,0,2
CAM07,2018-03-31T02:14:14.6825377Z,42,279,16,0,3,UNDETERMINED,0,0, 0,0,0,0,0,0
CAM06,2018-03-31T02:14:14.6825377Z,231,79,61,38,10,UNDETERMINED,260,214, 4,0,0,0,0,4
CAM13,2018-03-31T02:14:14.6825377Z,263,98,25,35,9,heading: <-,276,389, 13,4,0,2,0,7
CAM15,2018-03-31T02:14:14.6825377Z,6,194,100,0,0,UNDETERMINED,0,0, 0,0,0,0,0,0
CAM13,2018-03-31T02:14:14.6825377Z,268,115,27,37,14,heading: ^,276,389, 12,2,0,4,0,6
CAM07,2018-03-31T02:14:14.6825377Z,43,281,15,0,3,UNDETERMINED,0,0, 0,0,0,0,0,0
CAM13,2018-03-31T02:14:14.6825377Z,250,109,28,22,14,heading: ^,276,391, 13,3,1,4,0,5
CAM06,2018-03-31T02:14:14.6825377Z,201,82,63,68,36,UNDETERMINED,260,214, 3,0,0,0,0,3
CAM15,2018-03-31T02:14:14.6825377Z,7,206,100,0,0,UNDETERMINED,0,0, 0,0,0,0,0,0
CAM06,2018-03-31T02:14:15.1825492Z,255,75,55,8,40,UNDETERMINED,260,214, 7,0,0,1,1,5
CAM07,2018-03-31T02:14:14.6825377Z,51,278,16,0,3,UNDETERMINED,0,0, 0,0,0,0,0,0
CAM03,2018-03-31T02:14:15.1825492Z,4,3467,100,0,18,UNDETERMINED,0,0, 0,0,0,0,0,0
CAM03,2018-03-31T02:14:15.1981894Z,3,3392,100,0,18,UNDETERMINED,0,0, 0,0,0,0,0,0
CAM13,2018-03-31T02:14:15.1825492Z,214,75,27,46,6,UNDETERMINED,276,391, 12,3,1,3,0,5
CAM06,2018-03-31T02:14:15.1981894Z,265,73,54,40,30,heading: <-,260,215, 5,2,0,1,0,2
CAM5,2018-03-31T02:14:15.1825492Z,0,100,100,0,0,UNDETERMINED,0,5, 1,0,0,0,0,1
CAM07,2018-03-31T02:14:15.1981894Z,54,266,15,0,3,UNDETERMINED,0,0, 0,0,0,0,0,0
CAM13,2018-03-31T02:14:15.1825492Z,243,88,25,29,8,heading: <-,277,393, 11,3,1,1,1,5
CAM15,2018-03-31T02:14:15.1825492Z,6,208,100,0,0,UNDETERMINED,0,0, 0,0,0,0,0,0
CAM14,2018-03-31T02:14:15.1981894Z,54,536,79,85,0,UNDETERMINED,2,0, 0,0,0,0,0,0
CAM02,2018-03-31T02:14:15.1825492Z,8,173,100,0,1,UNDETERMINED,0,0, 0,0,0,0,0,0
CAM07,2018-03-31T02:14:15.1981894Z,44,254,16,0,3,UNDETERMINED,0,0, 0,0,0,0,0,0
CAM02,2018-03-31T02:14:15.1825492Z,11,171,100,0,1,UNDETERMINED,0,0, 0,0,0,0,0,0
CAM14,2018-03-31T02:14:15.1981894Z,119,1093,48,71,11,UNDETERMINED,2,0, 0,0,0,0,0,0
CAM06,2018-03-31T02:14:15.7450443Z,191,77,60,17,18,heading: <-,261,216, 5,2,0,0,0,3
CAM14,2018-03-31T02:14:15.1981894Z,128,1090,49,13,13,UNDETERMINED,2,0, 3,0,0,0,0,3
CAM11,2018-03-31T02:14:15.7450443Z,5,23,8,0,0,UNDETERMINED,0,0, 0,0,0,0,0,0
CAM5,2018-03-31T02:14:15.1981894Z,22,1724,14,0,0,UNDETERMINED,0,5, 0,0,0,0,0,0
CAM06,2018-03-31T02:14:15.7450443Z,205,76,58,26,17,heading: <-,261,216, 7,5,0,0,0,2
CAM11,2018-03-31T02:14:15.1981894Z,5,26,7,0,0,UNDETERMINED,0,0, 0,0,0,0,0,0
CAM02,2018-03-31T02:14:15.8544204Z,6,172,100,0,1,UNDETERMINED,0,0, 0,0,0,0,0,0
CAM11,2018-03-31T02:14:15.7450443Z,4,28,7,0,0,UNDETERMINED,0,0, 0,0,0,0,0,0
CAM10,2018-03-31T02:14:15.8544204Z,96,67,9,0,0,UNDETERMINED,3,0, 0,0,0,0,0,0
CAM5,2018-03-31T02:14:15.7450443Z,19,1451,14,0,0,UNDETERMINED,0,5, 0,0,0,0,0,0
CAM03,2018-03-31T02:14:15.8544204Z,3,3776,100,0,18,UNDETERMINED,0,0, 0,0,0,0,0,0
CAM10,2018-03-31T02:14:16.4013023Z,91,66,9,0,0,UNDETERMINED,3,0, 0,0,0,0,0,0
CAM02,2018-03-31T02:14:15.8544204Z,10,190,100,0,1,UNDETERMINED,0,0, 0,0,0,0,0,0
CAM13,2018-03-31T02:14:16.4013023Z,222,55,26,23,4,heading: <-,277,398, 11,2,1,0,0,8
CAM06,2018-03-31T02:14:16.4013023Z,281,74,53,38,34,heading: ->,263,216, 4,0,3,0,0,1
CAM07,2018-03-31T02:14:15.8544204Z,47,273,16,0,3,UNDETERMINED,0,0, 0,0,0,0,0,0
CAM03,2018-03-31T02:14:16.4013023Z,3,3673,100,0,18,UNDETERMINED,0,0, 0,0,0,0,0,0
CAM10,2018-03-31T02:14:15.8544204Z,118,89,8,0,0,UNDETERMINED,3,0, 0,0,0,0,0,0
CAM02,2018-03-31T02:14:16.4013023Z,8,171,100,0,1,UNDETERMINED,0,0, 0,0,0,0,0,0
CAM14,2018-03-31T02:14:15.8544204Z,103,871,55,66,3,UNDETERMINED,2,0, 2,0,0,0,0,2
CAM02,2018-03-31T02:14:16.4013023Z,10,170,100,0,1,UNDETERMINED,0,0, 0,0,0,0,0,0
CAM13,2018-03-31T02:14:15.8700417Z,287,126,29,32,15,heading: ^,277,399, 9,1,1,3,1,3
CAM03,2018-03-31T02:14:16.9481772Z,2,3298,100,0,18,UNDETERMINED,0,0, 0,0,0,0,0,0
CAM11,2018-03-31T02:14:15.8700417Z,7,34,8,0,0,UNDETERMINED,0,0, 0,0,0,0,0,0
CAM03,2018-03-31T02:14:16.9481772Z,2,3420,100,0,18,UNDETERMINED,0,0, 0,0,0,0,0,0
CAM02,2018-03-31T02:14:15.8700417Z,6,175,99,0,1,UNDETERMINED,0,0, 0,0,0,0,0,0
CAM02,2018-03-31T02:14:15.8700417Z,8,180,100,0,1,UNDETERMINED,0,0, 0,0,0,0,0,0
CAM14,2018-03-31T02:14:16.9481772Z,99,949,51,7,4,UNDETERMINED,2,0, 0,0,0,0,0,0
CAM5,2018-03-31T02:14:16.4325484Z,0,100,100,0,0,UNDETERMINED,0,5, 0,0,0,0,0,0
CAM13,2018-03-31T02:14:16.9481772Z,219,67,27,27,4,heading: ->,277,399, 10,1,3,1,0,5
CAM5,2018-03-31T02:14:16.9481772Z,7,324,100,0,0,UNDETERMINED,0,5, 0,0,0,0,0,0
CAM15,2018-03-31T02:14:16.4325484Z,6,213,100,0,0,UNDETERMINED,0,0, 0,0,0,0,0,0
CAM13,2018-03-31T02:14:16.4325484Z,284,133,27,5,14,heading: ^,277,399, 11,1,1,3,0,6
CAM5,2018-03-31T02:14:16.4325484Z,41,3680,12,0,0,UNDETERMINED,0,5, 1,0,0,0,0,1
CAM07,2018-03-31T02:14:16.4325484Z,46,257,16,0,3,UNDETERMINED,0,0, 0,0,0,0,0,0
